"","Salary","Age","G","MP","mean_views","PTS","GS","X3P.","X2P.","FT.","PF","STL","BLK","TOV","Play","Season","Pos1"
"2",2700000,32,65,13.8,11.155737704918,5,0,0.375,0.424,0.8,1.4,0.4,0.1,1,0,1,3
"3",4351320,21,80,28.7,1713.98633879781,12.7,72,0.288,0.528,0.719,2.2,0.8,0.5,1.1,0,1,4
"4",2022240,25,18,7.5,205.855191256831,3.5,0,0.2,0.513,0.737,1.8,0.4,0.4,0.4,0,1,2
"5",7680965,26,61,29.1,604.341530054645,8.7,25,0.33,0.445,0.706,1.7,1,0.7,1.5,0,1,2
"6",26540100,30,68,32.3,1556.3825136612,14,68,0.355,0.524,0.8,2,0.8,1.3,1.7,0,1,1
"7",10230179,32,66,14.1,603.188524590164,8.1,1,0,0.5,0.765,1.9,0.3,0.2,0.5,0,1,1
"8",1315448,34,30,10.3,5.40934065934066,2.9,0,0.318,0.444,0.75,1.2,0.1,0,0.2,0,1,4
"9",874636,24,47,15.1,21.2131147540984,7.4,0,0,0.519,0.625,2.7,0.6,0.7,0.8,0,1,1
"10",9904495,25,42,15.5,122.505464480874,6.7,0,0.329,0.43,0.769,1.2,0.4,0.1,0.8,0,1,5
"11",5994764,23,68,15.5,8.31147540983607,6,6,0.381,0.426,0.898,1.7,0.5,0.1,0.5,0,1,5
"12",4823621,23,77,20.3,316.685792349727,8,34,0.25,0.503,0.721,3.1,0.5,1.3,1.3,0,1,1
"13",4863206,28,39,15,4.91530054644809,5.3,15,0,0.511,0.725,2,0.5,0.6,0.8,0,1,1
"14",18500000,24,79,28.5,382.051912568306,10.7,7,0.444,0.49,0.847,2.2,0.7,0.3,0.8,0,1,5
"15",2255408,29,13,6.8,129.986338797814,0.8,0,0,0.273,0.556,1.1,0.4,0.1,0.3,0,1,4
"16",12000000,29,80,20.1,371.795081967213,6.5,77,0.409,0.612,0.67,2.6,0.6,0.8,1,0,1,2
"18",22116750,23,81,29.7,1249.84426229508,13.6,81,0.286,0.532,0.386,2.9,1.5,1.1,1.9,0,1,1
"19",11131368,33,76,26.3,3224.45628415301,7.6,0,0.362,0.651,0.706,1.3,1,0.5,0.8,0,1,4
"20",2183072,25,79,30.1,10.1010928961749,6.6,79,0.245,0.609,0.423,2.6,1.2,1,0.6,0,1,4
"21",11410378,32,27,21.6,2397.75136612022,2.9,21,0,0.475,0.273,3.2,0.5,0.9,1.6,0,1,1
"22",945000,22,72,20.5,5.94808743169399,5.9,18,0.276,0.363,0.763,2.7,0.7,0.3,1.2,0,1,3
"23",6088993,27,38,9,3.61281337047354,2.6,0,0.185,0.452,0.643,1.4,0.4,0.2,0.4,0,1,2
"24",6006600,21,82,37.2,2150.2131147541,23.6,82,0.356,0.473,0.76,2.2,1,0.4,2.3,0,1,4
"25",22116750,23,75,36.1,101.918032786885,28,75,0.299,0.524,0.802,2.2,1.3,2.2,2.4,1,1,1
"26",3488000,31,49,14.6,267.330601092896,5.5,7,0.308,0.479,0.919,0.9,0.5,0,0.1,0,1,5
"27",8000000,31,65,22.7,155.950819672131,7.1,9,0.391,0.537,0.744,1.7,0.5,0.3,0.9,0,1,2
"30",12500000,31,61,25.9,440.893442622951,8.4,45,0.411,0.457,0.892,1.7,0.3,0.1,0.7,0,1,5
"31",11000000,24,74,27.8,830.166666666667,12,29,0.371,0.491,0.691,2.5,0.6,0.1,1.6,0,1,5
"32",8269663,26,55,33.4,468.612021857923,16.3,55,0.39,0.504,0.731,2.6,1.2,0.2,1.6,0,1,5
"33",4008882,23,61,19.3,332.713114754098,8.1,26,0.382,0.462,0.753,1.8,0.5,0.1,1,0,1,5
"34",980431,34,39,14.4,232.770491803279,5.8,0,0.344,0.491,0.941,0.7,0.3,0,0.9,0,1,3
"36",20093064,27,61,34,2700.96994535519,21.6,61,0.336,0.514,0.76,2.6,0.9,0.4,2.3,0,1,2
"39",1404600,21,64,15.6,304.147540983607,6.8,13,0.333,0.541,0.661,1.5,0.3,0.2,0.6,0,1,2
"40",3573020,27,81,25.7,6.04644808743169,13.7,54,0.367,0.512,0.893,1.8,0.4,0.1,1.6,0,1,4
"41",7000000,34,73,17.6,695.046448087432,4.6,33,0.247,0.512,0.743,1.1,0.2,0.1,1.2,0,1,2
"42",22116750,23,77,34.9,496.729508196721,23.1,77,0.404,0.538,0.825,2.2,1.1,0.3,2,0,1,5
"43",5709880,29,28,16,166.098360655738,6.8,5,0,0.619,0.657,1.5,0.4,0.7,0.4,0,1,2
"44",1551659,31,52,11.1,269.193989071038,5.6,0,0.333,0.579,0.875,0.9,0.3,0.2,0.6,0,1,2
"45",5281680,19,79,28.8,2113.98087431694,9.4,40,0.294,0.443,0.621,2,0.6,0.5,1.5,0,1,4
"46",5587318,27,81,22.2,1263.24590163934,7.1,13,0.313,0.399,0.75,1.4,0.9,0,1.6,0,1,3
"47",12606250,25,54,21.1,10.9207650273224,11,5,0.324,0.425,0.857,1.6,0.5,0.1,1.6,0,1,5
"48",3500000,31,47,21.9,663.371584699454,4.2,33,0.386,0.356,0.722,0.9,0.5,0.5,0.6,0,1,5
"51",21165675,28,75,29.6,880.010928961749,20.5,75,0.346,0.536,0.81,2.6,0.5,1.7,2.5,0,1,1
"53",543471,23,36,7.9,174.120218579235,2.6,0,0.321,0.413,0.833,0.6,0,0,0.3,0,1,5
"54",3517200,24,82,23,2198.18579234973,10.6,55,0.391,0.461,0.842,1.4,0.5,0.1,1.2,0,1,5
"58",2112480,22,31,14.9,583.218579234973,5.2,0,0.314,0.346,0.625,1.7,0.5,0.1,0.9,0,1,3
"59",1562280,22,57,21.7,285.341530054645,8.2,26,0.321,0.571,0.72,1.6,0.9,0.1,1,0,1,4
"60",24559380,32,74,34.3,4679.16666666667,22.4,74,0.359,0.466,0.833,2.7,0.8,0.5,2.1,1,1,4
"61",22116750,28,34,19.9,833.904371584699,6.2,34,0.269,0.388,0.814,1.5,0.6,0.1,0.7,0,1,4
"62",7806971,33,74,18.9,1233.72404371585,9.1,15,0.409,0.546,0.851,1.9,0.4,0.5,0.7,0,1,1
"65",1551659,38,12,9.5,1666.81693989071,2.3,0,0,0.474,0.714,1.7,0.4,0.6,0.4,0,1,1
"66",1191480,21,16,5,161.915300546448,2.3,0,0.143,0.6,0.6,0.4,0.1,0.1,0.2,0,1,2
"67",22868827,31,61,31.5,3176.50546448087,18.1,61,0.411,0.518,0.892,2.4,2,0.1,2.4,0,1,3
"68",874636,21,13,8.2,144.653005464481,2.7,0,0,0.667,0.733,0.8,0.2,0.5,0.5,0,1,2
"71",5318313,24,62,27.8,448.054644808743,10.3,58,0,0.572,0.679,3,1,0.9,1,0,1,1
"73",7612172,30,82,15.6,377.355191256831,4.5,11,0.229,0.522,0.735,1.6,0.7,0.2,0.7,0,1,4
"74",7315000,25,80,25,951.699453551913,9.3,22,0.356,0.477,0.77,1.8,0.8,0.2,1.4,0,1,3
"75",11242000,31,77,31.9,674.595628415301,10.8,74,0.401,0.49,0.867,1.8,1.1,0.3,0.9,0,1,5
"77",5332800,20,63,28.7,2103.52732240437,15.6,60,0.352,0.447,0.782,2.1,1.4,0.3,2.8,0,1,3
"80",24328425,26,75,35.9,2532.12021857923,27,75,0.37,0.492,0.895,2,0.9,0.3,2.6,0,1,3
"83",15050000,28,63,33.9,425.852459016393,18.2,63,0.389,0.491,0.902,1.5,0.6,0.2,1.3,0,1,4
"84",10000000,29,68,26.6,6.91780821917808,7.3,68,0.379,0.42,0.844,1.8,1,0.8,1.1,0,1,5
"85",3000000,29,66,25,133.346994535519,6.6,35,0.392,0.579,0.593,1.5,0.6,0.4,0.4,0,1,2
"86",3940320,21,66,18.6,569.789617486339,6.2,26,0.295,0.519,0.795,2.2,0.3,0.2,1.2,0,1,3
"88",2318280,22,81,26.3,19.6830601092896,12.8,36,0.311,0.469,0.782,2,0.7,0.4,2.3,0,1,2
"89",8070175,28,41,15.6,115.748633879781,6.4,7,0.453,0.429,0.864,1.9,0.5,0.5,0.9,0,1,2
"90",5229454,29,68,30.3,365.631147540984,13.2,64,0.417,0.495,0.86,1.8,1,0.1,1.7,0,1,3
"91",874636,23,39,9.8,129.647540983607,3.3,1,0.261,0.438,0.75,1,0.3,0.1,0.7,0,1,5
"93",1551659,36,68,12.6,25.155737704918,4.6,0,0.375,0.541,0.768,1.5,0.6,0.7,1.1,0,1,1
"94",543471,24,67,12.1,19.0983606557377,4.5,6,0.399,0.557,0.824,1.1,0.3,0.4,0.5,0,1,2
"96",21165675,28,81,31.7,1922.74590163934,12.7,81,0,0.717,0.482,2.6,0.6,1.7,1.4,1,1,1
"97",1015695,28,62,12.5,405.344262295082,2.5,19,0.37,0.396,0.625,1.3,0.8,0.2,0.7,0,1,5
"98",1180080,20,38,8.5,478.003937007874,3.4,8,0.391,0.441,0.7,0.8,0.2,0.2,1,0,1,3
"99",1577280,24,27,16.5,261.707650273224,5.6,0,0.333,0.453,0.764,1.1,1,0.4,0.9,0,1,3
"100",26540100,27,74,35.4,2689.17213114754,27.3,74,0.266,0.484,0.842,1.8,1.1,0.2,2.4,1,1,5
"101",15756438,26,72,34.2,2257.64754098361,27,72,0.361,0.483,0.772,3.9,1.4,1.3,3.7,1,1,1
"102",14200000,30,72,26.1,642.70218579235,8.9,72,0.341,0.483,0.761,2,1.1,0.4,0.8,0,1,4
"103",1450000,22,5,3.4,205.060109289617,2,0,1,0.667,0.5,0,0,0,0,0,1,3
"104",2708582,23,79,31.5,3.41551246537396,17.9,78,0.34,0.487,0.855,1.9,0.9,0.2,3.3,0,1,3
"105",2092200,23,57,17.1,829.128415300546,5.1,0,0.351,0.363,0.778,1.5,0.5,0.1,0.9,0,1,5
"106",14885520,32,64,25.9,1007.56010928962,11,44,0.363,0.486,0.826,2.2,0.5,0.1,2.2,0,1,3
"107",11050000,25,50,23.7,330.161202185792,9.5,39,0.3,0.491,0.615,2.1,0.9,0.8,1.2,0,1,2
"109",21323252,28,64,32.5,4586.61475409836,18,64,0.217,0.487,0.874,1.3,0.7,0.3,2.3,0,1,3
"110",5020145,25,50,16.1,9.71311475409836,6.1,11,0.309,0.531,0.652,1.2,0.3,0.1,0.6,0,1,2
"111",2223600,20,78,35,1871.0956284153,22.1,78,0.363,0.447,0.832,3.1,0.9,0.3,3.1,0,1,5
"112",4227996,33,65,16.7,313.945355191257,6.7,0,0.328,0.476,0.829,1.6,0.7,0.1,0.9,0,1,3
"116",2898000,25,46,30.1,964.653005464481,15.8,43,0.395,0.438,0.646,2.1,0.9,0.4,2.2,0,1,5
"117",25000000,38,54,26.4,3561.29234972678,14.2,54,0.378,0.463,0.875,2.1,0.6,0.7,0.9,0,1,2
"118",2440200,20,81,20.1,1338.71584699454,5.9,66,0.321,0.438,0.657,2.5,0.5,0.4,1,0,1,2
"119",607491,26,34,14.1,8.17486338797814,4.4,0,0.234,0.505,0.51,1.6,0.5,0.3,0.9,0,1,2
"120",543471,23,81,20.3,165.491428571429,4.3,35,0.293,0.479,0.754,1.5,0.6,0.3,0.6,0,1,2
"121",2483040,25,66,22.8,685.855191256831,9,5,0.37,0.502,0.845,1.2,0.2,0.1,0.6,0,1,4
"122",4276320,19,43,13.3,823.571038251366,3.4,0,0.277,0.483,0.364,1.7,0.2,0.5,0.7,0,1,2
"123",15330435,26,76,32.5,5100.28415300546,10.2,76,0.308,0.494,0.709,2.9,2,1.4,2.4,1,1,2
"124",23500000,31,74,29.7,3615.49180327869,13.5,74,0,0.635,0.533,2.7,0.9,1.2,2.3,0,1,1
"125",8375000,25,77,17.3,310.453551912568,6.7,3,0.284,0.571,0.759,1.8,0.8,0.5,0.4,0,1,1
"126",23200000,35,60,29.9,7361.59836065574,18.3,59,0.31,0.456,0.794,1.9,1.4,0.7,2.3,0,1,5
"127",8801363,27,73,24.9,240.030054644809,9.6,22,0.37,0.501,0.77,1.8,0.7,0.4,0.8,0,1,5
"129",2613600,22,82,29.4,5.34520547945205,12.8,58,0.274,0.509,0.692,2.2,1.1,0.5,2.2,0,1,3
"130",3241800,20,55,25.6,651.289617486339,11,41,0.315,0.408,0.784,1.7,0.7,0.2,2.2,0,1,3
"131",17145838,24,72,21.3,1333.06284153005,14.3,0,0.132,0.568,0.786,2.1,0.4,0.5,1.7,0,1,1
"132",14000000,27,66,33,486.188524590164,21.1,66,0.335,0.477,0.847,2.5,1.4,0.5,3.4,0,1,3
"133",12385665,28,75,31,565.510928961749,16.2,15,0.372,0.468,0.84,2,0.6,0.5,1.6,0,1,5
"134",8400000,29,82,26.1,26.5109289617486,13.1,52,0.353,0.496,0.778,2.6,0.7,0.3,1.4,0,1,2
"135",17000000,24,68,32.9,343.20218579235,17.2,66,0.356,0.491,0.805,2.6,1,0.1,2.1,0,1,5
"136",16393443,28,65,25.5,783.243169398907,9,12,0.263,0.47,0.825,1.9,0.8,0.4,1.5,0,1,4
"137",2730000,23,75,26.1,749.483606557377,11.7,16,0.328,0.455,0.756,1.9,0.6,0.5,1,0,1,1
"138",543471,22,37,7.9,271.991803278689,2.9,0,0.379,0.341,0.818,1,0.4,0.1,0.4,0,1,3
"139",8000000,30,65,26.6,141.229508196721,7.8,21,0.373,0.476,0.784,2.2,1.3,0.4,1.2,0,1,5
"140",1655880,22,57,31.3,218.928961748634,14.9,56,0.42,0.558,0.776,1.6,1.2,0.1,1.3,0,1,5
"141",8000000,30,49,31.5,17.3661202185792,16.9,49,0.403,0.523,0.801,2.3,1,0.2,1.7,0,1,3
"142",650000,23,23,4,406.937158469945,0.9,0,0.083,0.333,1,0.3,0.1,0,0.2,0,1,2
"143",2202240,19,22,16.1,316.879781420765,5.6,0,0,0.56,0.857,2,0.1,0.8,1.1,0,1,1
"144",1410598,31,47,11.4,814.734972677596,5.6,0,0.351,0.463,0.805,1,0.2,0.1,0.5,0,1,4
"145",9000000,29,72,23.2,147.806010928962,9.2,41,0.353,0.455,0.806,1.8,0.6,0.2,0.9,0,1,5
"146",2995420,22,80,35.6,2299.44808743169,22.9,80,0.272,0.563,0.77,3.1,1.6,1.9,2.9,1,1,4
"147",1050500,23,69,20.7,473.049180327869,6.1,27,0.392,0.512,0.711,0.9,0.6,0.3,0.5,0,1,4
"148",15891725,30,73,33.7,22.5109289617486,20.3,73,0.405,0.499,0.79,2.7,1.2,0.2,2.9,0,1,3
"149",16073140,26,73,34.5,991.01912568306,21.9,73,0.398,0.506,0.844,1.6,1,0.3,1.9,1,1,4
"150",2348782,27,82,32.4,295.650273224044,10,82,0.372,0.511,0.814,3.1,1.1,1.2,1.3,0,1,2
"151",17145838,26,81,22.5,316.754098360656,11.7,0,0,0.536,0.741,2.1,1.1,0.5,1.7,0,1,1
"152",22116750,24,79,35.5,1862.34426229508,19.2,79,0.351,0.492,0.861,1.6,0.8,0.2,1.3,0,1,2
"154",1704120,20,19,7.7,243.46174863388,3.2,2,0.286,0.448,0.5,0.3,0.1,0.1,0.7,0,1,2
"155",1015696,25,77,14.8,12.4699453551913,6.8,0,0.374,0.556,0.759,1,0.5,0.1,0.7,0,1,5
"157",9662922,26,76,25.5,2019.27049180328,7.5,31,0.36,0.469,0.789,2,0.8,0.4,1,0,1,5
"158",1015696,25,39,15.2,267.5,4.6,0,0.266,0.481,0.909,0.9,0.6,0,0.5,0,1,5
"160",1074145,21,73,22.5,243.950819672131,7.4,26,0.295,0.446,0.805,2.4,0.6,0.5,1.9,0,1,3
"162",1034865,19,38,16,430.092896174863,7.5,11,0,0.536,0.653,1.7,0.4,0.9,0.8,0,1,1
"166",5374320,21,51,33.9,965.609289617486,20.1,50,0.365,0.525,0.743,2.2,1,0.4,1.8,0,1,2
"167",6286408,26,72,32.4,595.191256830601,13.9,72,0.398,0.54,0.811,2.2,1,0.3,1.1,0,1,4
"169",600000,22,35,7.1,209.603825136612,2.2,1,0.255,0.342,0.765,0.6,0.3,0.1,0.3,0,1,4
"171",13253012,36,82,26.3,1557.33333333333,12.3,1,0.36,0.443,0.857,1.4,0.7,0.2,1.6,0,1,5
"172",3210840,19,82,21.5,676.409836065574,9.9,10,0.334,0.466,0.883,1.5,0.6,0.3,1.4,0,1,5
"173",4540525,34,75,27.3,435.081967213115,9.2,39,0.388,0.489,0.714,2.6,0.7,0.1,1.7,0,1,3
"174",2898000,26,64,23.5,5.24930747922438,6.7,28,0.372,0.516,0.782,2.6,0.7,0.3,0.9,0,1,4
"175",26540100,27,81,36.4,3655.37978142077,29.1,81,0.347,0.53,0.847,2.7,1.5,0.5,5.7,1,1,3
"178",980431,24,52,8.8,783.25956284153,2.8,2,0.25,0.55,0.5,0.9,0.3,0.6,0.4,0,1,2
"179",1825200,21,29,7.6,13.5792349726776,2.3,0,0.343,0.565,0.667,0.5,0.3,0.1,0.1,0,1,5
"180",980431,26,77,27.3,153.174863387978,8.9,75,0.379,0.549,0.802,3.2,0.6,0.4,1.2,0,1,2
"181",10470000,31,64,21.3,272.950819672131,6.8,7,0.379,0.559,0.662,2.4,0.7,0.3,1.1,0,1,2
"182",5628000,24,11,10.7,543.502732240437,3.4,1,0.167,0.414,0.5,1.5,0.4,0.1,0.4,0,1,2
"183",1286160,22,42,13.3,91.7431693989071,3.9,3,0.36,0.389,0.8,2.2,0.4,0.2,0.7,0,1,2
"185",1551659,39,74,18.4,833.355191256831,4.1,0,0.427,0.444,0.828,1.3,0.6,0.3,0.5,0,1,5
"186",1403611,29,77,9.6,1380.22677595628,6.1,10,0,0.658,0.505,1.4,0.2,0.9,0.5,0,1,1
"187",4743000,20,78,17.2,843.614754098361,6.6,20,0.341,0.507,0.685,1.8,0.4,0.2,0.9,0,1,4
"188",15000000,30,69,22.2,19.9016393442623,9.2,11,0.275,0.458,0.863,1.5,0.5,0.2,1.1,0,1,2
"189",8000000,28,82,32.4,18.7322404371585,15.3,82,0.357,0.475,0.867,2,1.2,0.4,2.6,0,1,3
"190",1015696,26,51,8.5,162.472677595628,2.9,1,0,0.539,0.75,1,0.3,0.6,0.3,0,1,1
"191",980431,22,80,19.1,472.193989071038,5.5,4,0.371,0.514,0.612,1.9,0.4,1,0.6,0,1,2
"192",7000000,24,62,18.4,290.360655737705,9.7,5,0.281,0.536,0.853,1.6,0.4,0.4,0.6,0,1,5
"193",11483254,28,36,24.5,3838.29508196721,14.5,33,0.372,0.48,0.816,2.2,1.2,0.4,2.4,0,1,3
"194",1643040,24,63,16.3,679.94262295082,5.9,28,0.366,0.473,0.89,1.5,0.7,0.1,0.7,0,1,3
"195",9424084,28,3,23.7,279.054644808743,11,1,0.4,0.333,0.9,1.3,0,0,3,0,1,3
"196",17552209,27,76,37,59.2896174863388,23.9,75,0.367,0.477,0.865,1.5,1.9,0.4,2.1,1,1,4
"197",17000000,31,46,22.1,1996.41256830601,5,46,0,0.493,0.436,2.8,0.7,0.8,1.3,0,1,1
"198",6540000,29,36,20.5,237.030054644809,9.1,10,0.409,0.395,0.878,1.1,0.9,0.1,1,0,1,5
"199",980431,25,52,21.9,6.98082191780822,8.2,11,0.385,0.489,0.714,2.3,0.6,0.2,1.1,0,1,5
"200",2100000,29,82,24,359.497267759563,7.1,26,0.441,0.471,0.735,2,1.2,0.1,1.3,0,1,4
"201",11000000,35,78,23.6,30.7950819672131,9.2,14,0.411,0.454,0.818,1.2,0.5,0.2,0.9,0,1,4
"203",600000,23,12,4.4,144.902684563758,1.8,0,0.25,0.667,0.5,0.1,0.1,0.2,0.2,0,1,2
"204",4826160,22,31,25.4,1865.94808743169,20.2,31,0.367,0.495,0.783,3.6,0.9,2.5,3.8,0,1,1
"205",1709719,25,70,14,230.68306010929,5.4,1,0.337,0.483,0.63,1.2,0.4,0.1,0.8,0,1,2
"207",1050961,25,4,3.3,9.95355191256831,1.8,0,0.5,0.333,1,0,0,0,0,0,1,5
"209",15756438,26,78,36.4,62.6338797814208,23.1,78,0.327,0.48,0.801,1.9,2,0.6,4.1,1,1,3
"210",10991957,27,75,25.9,209.603825136612,10.2,34,0.293,0.545,0.867,1.9,0.4,0.3,0.9,0,1,2
"211",5000000,29,78,15.8,356.795081967213,3.8,6,0.346,0.523,0.703,1.6,0.3,0.2,0.5,0,1,2
"212",14382023,24,80,25.8,8.12707182320442,12,80,0.5,0.557,0.811,2.7,0.5,0.8,1.3,0,1,1
"213",874636,27,78,17.8,881.926229508197,6.2,8,0.294,0.461,0.75,1.9,0.6,0.3,1,0,1,5
"214",12500000,24,82,29.2,2046.01366120219,14.7,19,0.329,0.503,0.798,1.8,1.1,0.1,2,0,1,5
"216",874636,25,37,10.4,649.620218579235,4.4,4,0.353,0.404,0.794,0.8,0.2,0.2,0.4,0,1,5
"217",1223653,22,25,5.6,155.139344262295,1.5,1,0,0.455,0.571,0.5,0.1,0.2,0.4,0,1,2
"218",7708427,35,41,13.1,11.0989010989011,3.4,13,0.313,0.5,0.917,0.9,0.3,0,1,0,1,3
"219",1191480,25,2,15.5,143.071038251366,7,0,0.5,0.571,0,0,0,1.5,0,0,1,2
"220",5782450,29,22,17.3,261.986338797814,4.9,14,0.419,0.356,0.667,1.4,0.5,0.2,1,0,1,2
"221",874636,23,53,30.5,377.885245901639,10.2,34,0.33,0.444,0.779,2.5,1.1,0.7,1.2,0,1,5
"222",11000000,26,67,32.7,866.311475409836,15.4,61,0.356,0.498,0.708,2,1.5,0.7,2.9,0,1,3
"224",3267120,22,74,28.8,726.398907103825,13.2,73,0.27,0.507,0.723,3.4,0.7,0.5,2.3,0,1,2
"225",1514160,23,75,16.4,5.06849315068493,7.1,10,0.299,0.522,0.791,1.5,0.5,0.3,0.9,0,1,4
"227",1015696,27,82,20,731.153005464481,7.7,4,0.355,0.513,0.825,1.3,0.8,0.4,0.8,0,1,5
"228",2593440,20,18,34.7,769.196721311475,10.9,15,0.2,0.384,0.617,2.9,1.4,0.3,1.8,0,1,4
"229",1921320,22,65,21.4,3.9859943977591,10.2,48,0,0.508,0.571,2.5,0.8,1.1,2.2,0,1,1
"231",5960160,21,82,37,2515.80054644809,25.1,82,0.367,0.582,0.832,2.9,0.7,1.3,2.6,0,1,1
"232",17638063,25,74,33.4,3726.63661202186,25.5,74,0.38,0.529,0.88,1.6,1.8,0.7,2.1,1,1,4
"233",543471,21,42,9.2,846.789473684211,4,0,0.318,0.404,0.714,0.9,0.4,0.2,0.7,0,1,3
"234",3094013,25,75,20.5,523.66393442623,9,6,0.354,0.608,0.732,2.8,0.6,0.4,1.3,0,1,1
"235",12000000,26,79,34.7,965.691256830601,23.2,79,0.399,0.476,0.847,1.5,1.1,0.3,2.1,1,1,3
"236",12078652,27,61,21.2,444.095628415301,9.6,34,0,0.556,0.693,2,0.7,0.7,1,0,1,2
"237",15730337,27,73,26.9,603.628415300546,11,64,0.346,0.446,0.708,2.3,1.2,0.7,1.7,0,1,4
"238",3678319,23,76,33.3,284.66393442623,13.8,75,0.35,0.442,0.832,1.6,1.2,0.2,1.1,0,1,5
"239",26540100,28,62,33.4,10560.1475409836,25.1,62,0.375,0.608,0.875,1.9,1.1,1.6,2.2,1,1,2
"240",21165675,28,60,31.4,3874.62568306011,19,60,0.373,0.471,0.871,2.1,0.9,0.4,2,0,1,2
"241",1800000,27,49,11.4,18.3524590163934,4.7,3,0,0.556,0.636,1.3,0.1,0.4,0.6,0,1,2
"242",1182840,20,53,8.4,510.81693989071,2.5,4,0.222,0.551,0.618,1.2,0.3,0.3,0.3,0,1,1
"243",15200000,25,29,30.7,331.20218579235,14.7,23,0.433,0.459,0.88,2.7,1.4,0.2,2.2,0,1,4
"244",16663575,26,78,34,7156.06284153005,22.3,78,0.414,0.516,0.853,1.8,0.8,0.5,1.6,1,1,5
"245",8046500,27,71,20,225.068306010929,6.6,62,0,0.552,0.613,2.4,0.5,0.7,0.9,0,1,1
"246",3872520,22,78,17.1,1126.37978142077,3.8,7,0.288,0.404,0.61,2.3,1,0.5,1.1,0,1,3
"247",8630000,31,56,12.3,3376.60928961749,4.6,4,0.352,0.425,0.78,1.2,0.3,0.4,0.5,0,1,2
"248",4317720,21,66,32.8,27.3169398907104,18.1,65,0.357,0.493,0.786,3.7,0.7,2,1.8,0,1,2
"249",1192080,23,72,14.2,5.78236914600551,3.4,14,0.375,0.462,0.789,0.9,0.7,0.4,0.5,0,1,4
"250",5239437,35,67,26.2,1076.79508196721,10.1,22,0.451,0.494,0.905,1.6,0.5,0.3,1,0,1,5
"251",12000000,30,60,37.4,3089.53551912568,22.4,60,0.412,0.518,0.819,2.8,1.5,0.3,2.9,1,1,3
"252",3918750,26,79,15.6,250.120218579235,6.3,8,0.118,0.538,0.771,2.2,0.5,1.3,1,0,1,1
"253",4837500,28,32,12,536.628415300546,2.8,2,0.189,0.587,0.765,0.9,0.2,0.2,0.3,0,1,4
"254",543471,24,14,3.1,388.390710382514,0.9,0,0.308,0,0.5,0.3,0.2,0.1,0.4,0,1,2
"255",17638063,24,72,35.1,8258.90163934426,25.2,72,0.401,0.505,0.905,2.2,1.2,0.3,2.5,1,1,3
"256",20575005,31,72,32.4,1485.64480874317,17.3,72,0.411,0.48,0.812,2.2,0.6,1.2,1.4,0,1,2
"257",6191000,28,46,21,276.032786885246,6,15,0.447,0.371,0.843,1.8,0.5,0.1,0.5,0,1,2
"258",5200000,25,74,20.2,218.756830601093,7.9,2,0.39,0.367,0.797,1.3,0.6,0.1,0.6,0,1,3
"259",3500000,27,61,14.3,96.4371584699454,2.9,5,0,0.461,0.697,1.3,0.3,0.4,0.5,0,1,2
"260",4000000,34,67,14.4,1397.60109289617,6.3,0,0.357,0.466,0.889,1.2,0.5,0.1,0.7,0,1,5
"261",30963450,32,74,37.8,24108.7021857924,26.4,74,0.363,0.611,0.674,1.8,1.2,0.6,4.1,1,1,4
"263",2203000,30,80,22.3,377.948087431694,6.1,76,0.391,0.552,0.678,1.5,1,0.4,0.6,0,1,4
"264",1921320,24,57,19.1,336.31693989071,4.4,6,0.25,0.694,0.657,2.4,0.9,1.6,0.8,0,1,1
"265",5000000,36,36,12.8,681.639344262295,5.1,1,0.34,0.535,0.676,1.8,0.4,0.1,0.9,0,1,2
"266",1227286,27,68,15.7,217.054644808743,4.8,55,0.414,0.366,0.733,1.7,0.3,0.2,0.4,0,1,4
"267",18000000,31,56,26.5,1264.95901639344,7.6,49,0.309,0.436,0.73,1.1,0.9,0.4,0.8,0,1,4
"268",1439880,21,22,9,288.939516129032,3.6,0,0.286,0.5,0.789,1,0.2,0,0.4,0,1,5
"269",875000,24,75,26.4,331.535519125683,10.2,28,0.404,0.48,0.865,1.9,1.1,0.2,1.5,0,1,5
"270",2500000,27,73,17.1,289.920765027322,5.4,2,0.236,0.428,0.806,1.5,0.5,0,1.3,0,1,3
"271",1627320,20,22,7.5,242.213438735178,3.8,1,0.321,0.533,0.8,0.5,0.3,0,0.4,0,1,5
"272",14000000,39,69,18.7,59.051912568306,7.5,0,0.392,0.387,0.804,1.7,1.2,0.2,1.4,0,1,5
"273",21165675,32,74,34.2,1034.23224043716,19.5,74,0.388,0.48,0.837,2.3,0.9,1.3,2.2,1,1,1
"275",12000000,32,82,31.2,372.94262295082,10.8,82,0,0.58,0.648,2.6,0.5,0.7,1.5,0,1,1
"276",6333333,30,74,24,379.497267759563,10.5,0,0.36,0.488,0.893,1.2,0.6,0.1,0.9,0,1,5
"277",4625000,27,79,32.5,7.07417582417582,14,79,0.331,0.466,0.784,2.1,0.7,0.3,1.1,0,1,4
"278",3578880,22,79,30.4,530.18306010929,10.6,24,0.283,0.42,0.812,2.4,1.6,0.4,2,0,1,5
"280",3909840,21,65,14.8,459.890710382514,4.9,2,0.299,0.398,0.8,1.1,0.5,0.2,0.9,0,1,4
"281",7400000,27,76,31.2,560.486338797814,14,76,0.362,0.483,0.837,3.3,1.1,0.6,1.7,0,1,2
"282",2941440,19,82,21.3,429.074204946996,9.2,75,0.321,0.52,0.624,3.2,0.8,0.9,1.3,0,1,2
"283",1403611,29,82,15.7,1094.86612021858,8.7,2,0.372,0.52,0.876,2.8,0.3,0.5,0.8,0,1,1
"285",12250000,30,76,30.2,386.527322404372,11.2,76,0.35,0.494,0.873,1.8,0.8,0.7,0.8,0,1,2
"286",2328530,26,81,26.5,901.428961748634,10.4,64,0,0.541,0.58,2.8,0.9,1.1,1.7,0,1,1
"287",6508351,36,74,24,1459.95355191257,7.1,18,0.331,0.467,0.787,2.5,0.6,0.4,1.4,0,1,4
"288",9607500,26,76,26.1,1747.00273224044,7.6,54,0.367,0.404,0.854,2,0.7,0,1.8,0,1,3
"290",543471,24,32,10.3,174.896174863388,3.1,4,0.143,0.481,0.731,0.9,0.5,0.3,0.4,0,1,2
"291",1551659,37,25,6.4,2930.72677595628,2.3,2,0.237,0.333,0.625,0.7,0.4,0.1,0.3,0,1,4
"292",9213484,24,74,16.5,404.909836065574,5.4,12,0.347,0.436,0.875,2.3,0.2,0.4,0.5,0,1,2
"293",1403611,28,56,16.7,1473.45628415301,9.4,6,0.419,0.545,0.743,1.6,0.5,0.5,1.2,0,1,2
"294",3183526,25,45,18.8,927.390710382514,6.6,19,0.234,0.401,0.753,2.3,0.8,0.5,1.5,0,1,3
"295",650000,24,9,3.6,275.106557377049,0.4,0,0,0.167,1,0.2,0,0,0,0,1,5
"296",13000000,23,81,29,647.117486338798,9.2,81,0.111,0.483,0.784,2.3,1,1,0.7,0,1,4
"297",26540100,29,69,33.2,13.9644808743169,20.5,68,0.408,0.497,0.859,1.8,1.3,0.3,2.3,0,1,3
"298",4837500,36,53,15.9,7.93388429752066,5.2,2,0.396,0.465,0.8,1.3,0.3,0.1,0.5,0,1,4
"300",1015696,25,70,17.7,149.120218579235,6.2,3,0.418,0.546,0.766,1.4,0.4,0.6,0.8,0,1,1
"301",3333333,28,18,10.8,7.39071038251366,2.5,0,0.148,0.406,0.875,0.7,0.2,0.2,0.4,0,1,2
"303",2898000,27,68,14.9,348.07650273224,6.3,5,0.321,0.517,0.809,1.2,0.4,0.2,0.8,0,1,4
"304",10500000,31,70,16.2,4.14484679665738,6.4,2,0.341,0.46,0.778,1.6,0.2,0.2,0.5,0,1,2
"305",10763500,31,74,27,919.612021857924,8.5,33,0.319,0.483,0.727,2,1.1,0.4,1.8,0,1,5
"306",1045000,23,58,18.3,226.857923497268,9.1,14,0.143,0.663,0.628,2.2,0.3,0.7,0.8,0,1,1
"307",2380440,20,81,31.4,12.4972677595628,14.5,81,0.348,0.536,0.809,3.2,0.9,2.1,1.3,0,1,1
"308",3800000,28,65,18.3,245.308743169399,6.2,1,0.316,0.531,0.738,2.4,0.6,0.3,0.9,0,1,2
"309",4384490,22,51,20.5,911.978142076503,8.7,19,0,0.597,0.694,2.5,1.3,1,1,0,1,1
"310",3750000,36,20,6.4,395.592896174863,1.7,0,0,0.636,0.625,0.9,0.1,0.1,0.2,0,1,2
"311",5443918,31,60,25.9,42.9535519125683,13.2,60,0.404,0.481,0.856,2.3,0.6,0.2,0.6,0,1,5
"312",20869566,28,77,34,495.953551912568,15.1,77,0.333,0.453,0.856,1.4,1.1,0.4,2.5,0,1,5
"313",543471,23,54,9.6,20.2,2.8,2,0.305,0.5,0.773,0.8,0.3,0.1,0.5,0,1,5
"314",2993040,23,80,27.4,549.008196721311,9.5,27,0.368,0.433,0.813,1.8,0.6,0.4,1.6,0,1,5
"315",1358500,21,73,27.9,10.792349726776,16.7,59,0.324,0.628,0.825,2.9,0.8,0.8,2.3,0,1,1
"316",5782450,25,70,24,7.34794520547945,10.6,15,0.342,0.52,0.773,1.8,0.8,0.8,1.1,0,1,2
"317",11750000,26,75,28.8,11.568306010929,14.6,55,0.307,0.481,0.669,2.4,1,1,1.6,0,1,1
"318",2751360,21,74,17.1,255.229508196721,4.4,41,0.35,0.492,0.638,2.1,0.4,0.4,0.9,0,1,2
"319",874636,23,76,18,267.364383561644,8.4,18,0.324,0.514,0.792,1.7,0.7,0.2,0.9,0,1,5
"321",3149524,28,36,17.9,270.122950819672,5.2,2,0.349,0.512,0.586,1.4,0.6,0.1,0.8,0,1,2
"322",5893981,23,80,32.6,308.412568306011,13.4,80,0.434,0.576,0.832,2.4,1.5,0.5,0.6,0,1,4
"324",1196040,22,55,15.6,327.901023890785,4.2,38,0.143,0.515,0.688,2,0.5,0.8,0.6,0,1,2
"325",874636,24,39,8.1,272.311475409836,2.5,1,0.515,0.513,0.778,0.6,0.2,0.1,0.4,0,1,5
"326",6000000,28,67,30.7,532.467213114754,9.5,67,0.382,0.463,0.768,3.3,1.5,0.4,1.5,0,1,5
"327",543471,21,71,15.1,807.875,4,20,0.333,0.533,0.784,0.9,0.5,0.2,0.5,0,1,5
"328",6050000,27,65,24.6,10.1284153005464,6.8,8,0.372,0.458,0.717,1.8,0.6,0.4,0.6,0,1,2
"330",15500000,36,64,25.4,2838.89344262295,12.4,39,0.538,0.494,0.707,1.7,0.4,1.1,1.3,0,1,1
"331",18100000,26,75,35.9,2102.71857923497,23.7,75,0.393,0.501,0.898,2.7,1.6,0.4,2.9,1,1,4
"332",20072033,31,69,34,606.248633879781,18.1,67,0.311,0.486,0.768,2.7,1.3,0.9,2.3,1,1,2
"333",3527920,39,25,11.1,2279.5218579235,3.2,7,0.349,0.481,0.769,1.6,0.2,0.2,0.6,0,1,4
"334",750000,22,44,19.2,189.838797814208,5.5,18,0.333,0.451,0.775,1.8,0.3,0.4,0.9,0,1,4
"336",2965505,26,38,14.7,230.142076502732,5.8,1,0.411,0.413,0.75,1.8,0.4,0.4,0.6,0,1,2
"337",14000000,30,69,26.7,2343.31147540984,7.8,42,0.376,0.418,0.6,2.1,1.4,0.2,2.4,0,1,3
"339",6000000,30,50,16.2,206.781420765027,6.2,1,0.339,0.393,0.771,0.9,0.5,0.1,0.9,0,1,3
"340",2500000,33,69,18.6,472.01912568306,5.2,40,0.33,0.418,0.857,1.4,0.5,0.1,1.2,0,1,5
"341",1811040,20,41,11.2,143.51912568306,3.5,2,0.321,0.413,0.4,0.8,0.5,0.2,0.3,0,1,5
"342",877800,24,40,8.7,25.1584699453552,2.5,0,0.323,0.517,0.889,1.2,0.5,0.1,0.4,0,1,3
"343",1551659,32,80,21.3,441.054644808743,6.7,11,0.319,0.473,0.781,1.6,0.8,0.3,1,0,1,3
"344",2255644,25,31,15.1,164.467213114754,4.5,5,0.384,0.473,0.714,0.7,0.6,0.1,0.3,0,1,4
"346",2500000,36,79,20.4,2951.38797814208,5.7,13,0.333,0.58,0.741,1.9,0.3,0.1,0.7,0,1,4
"347",1024000,23,57,20.9,117.153005464481,9.8,17,0.351,0.606,0.699,2.4,0.7,1,1,0,1,1
"348",13400000,26,75,32.9,909.775956284153,11.1,75,0.306,0.443,0.891,2.7,1.7,0.1,2.6,0,1,3
"349",1015696,26,67,31.6,216.838797814208,12.9,67,0.333,0.484,0.822,3,1.9,1,2,0,1,4
"350",13219250,28,81,28,967.904371584699,10.4,81,0,0.494,0.721,1.9,0.2,1.4,1.1,0,1,1
"351",1406520,24,59,27,275.010928961749,12.7,55,0.371,0.44,0.783,2.2,0.6,0.2,1.1,0,1,5
"352",543471,25,78,25.2,113.587431693989,6.4,65,0.332,0.488,0.62,1.8,0.6,0.2,0.7,0,1,5
"353",7000000,30,39,17.8,172.653005464481,7.2,0,0.317,0.391,0.748,1.1,0.4,0,1.4,0,1,3
"354",543471,23,52,16.5,6.17183098591549,4.1,13,0.267,0.45,0.651,1.4,0.7,0.2,1.1,0,1,5
"355",1395600,22,78,22.6,221.273224043716,8.7,50,0.224,0.463,0.751,2.3,1.1,0.6,1.5,0,1,4
"357",13333333,30,30,33.8,875.928961748634,18.7,30,0.372,0.483,0.855,2.6,1.5,0.9,2.5,0,1,4
"358",2121287,24,81,33.9,507.431693989071,14,81,0,0.662,0.653,3,0.6,2.6,1.8,0,1,1
"359",26540100,28,81,34.6,6469.5,31.6,81,0.343,0.459,0.845,2.3,1.6,0.4,5.4,1,1,3
"360",18735364,28,72,29.4,17.6420765027322,13.6,72,0.403,0.446,0.86,2,0.4,0.2,0.8,0,1,2
"361",713305,25,16,6.9,27.7595628415301,1.6,0,0.4,0.222,0.833,0.3,0.3,0.3,0.3,0,1,2
"362",874636,30,73,12.4,363.256830601093,2.9,11,0.333,0.649,0.59,2.1,0.4,0.8,0.5,0,1,1
"363",1720560,22,77,18.4,491.655737704918,6.5,2,0.321,0.591,0.559,1.1,0.5,0.3,0.5,0,1,2
"364",1410598,32,42,9.7,9.18852459016393,3,4,0.311,0.306,0.708,0.9,0.3,0,0.4,0,1,5
"365",980431,27,70,25.1,313.155737704918,13.1,24,0.341,0.468,0.843,1.7,0.6,0.1,1.9,0,1,5
"366",543471,24,64,15.2,115.204918032787,2.9,1,0.19,0.406,0.548,1.2,0.4,0.1,0.7,0,1,3
"367",12250000,27,79,30.7,1609.9262295082,14.8,79,0.391,0.522,0.856,2.7,0.5,1.6,1.3,0,1,2
"369",2898000,26,70,29,4925.89071038251,12.8,42,0.425,0.528,0.85,1.8,1.1,0.1,1.3,0,1,3
"370",3046299,24,78,19.4,426.084699453552,9.9,1,0.338,0.528,0.774,1.1,0.3,0.1,0.7,0,1,4
"371",1350120,25,53,9.7,541.866120218579,4.1,2,0.37,0.429,0.776,0.7,0.6,0,0.8,0,1,3
"372",5782450,31,76,17.7,2751.53278688525,5.1,3,0.333,0.55,0.7,1.6,0.5,0.3,0.8,0,1,3
"374",2433334,26,55,21.9,201.325136612022,7.8,9,0.308,0.51,0.688,1.8,0.8,0.1,1.6,0,1,3
"375",1188840,20,33,18.5,9.90437158469945,8.8,12,0.375,0.543,0.703,1.9,0.5,0.4,1.1,0,1,2
"377",726672,23,59,22.6,207.005464480874,7.3,18,0.376,0.478,0.792,2,0.7,0.4,1.1,0,1,3
"378",5782450,28,54,14.8,255.81693989071,6.2,1,0.309,0.556,0.846,1.4,0.3,0.6,0.9,0,1,2
"379",2969880,20,77,17.8,18.9098360655738,4.4,1,0.292,0.398,0.679,1.6,0.7,0.3,0.9,0,1,4
"380",12112359,28,79,33.4,28435.1229508197,25.3,79,0.411,0.537,0.898,2.3,1.8,0.2,3,1,1,3
"383",3140517,23,80,29.9,3950.74043715847,11.3,80,0,0.572,0.611,2.4,1.1,1,1.8,0,1,1
"386",8950000,31,78,25.5,326.319672131148,10.8,71,0.231,0.52,0.715,2.1,0.5,0.8,1.3,0,1,2
"387",6191000,25,67,16.3,248.896174863388,5.7,16,0.5,0.51,0.752,2.6,0.4,0.7,0.9,0,1,1
"388",1207194,25,54,23.5,283.382513661202,10.8,12,0.253,0.508,0.606,1.2,0.7,1,0.9,0,1,2
"389",10000000,25,78,25.1,713.142076502732,11,24,0.363,0.518,0.831,1.8,1.1,0.4,0.9,0,1,4
"390",1906440,22,74,17.1,266.29781420765,5.5,0,0.318,0.405,0.773,0.9,0.6,0.1,0.6,0,1,3
"391",4000000,32,62,25.7,413.571038251366,7.2,42,0.342,0.484,0.733,1.6,1.5,0.5,0.9,0,1,4
"392",12078652,28,74,30.2,405.243169398907,11,74,0.381,0.557,0.523,1.8,1.5,0.4,1.3,0,1,2
"393",1050961,25,48,11.7,26.483606557377,5,1,0,0.538,0.47,1.6,0.5,0.2,1,0,1,2
"394",2568600,19,57,9.9,1785.76775956284,4,34,0.378,0.514,0.653,1.5,0.2,0.5,0.3,0,1,1
"395",8250000,32,8,9.5,309.133879781421,4.9,0,0.333,0.48,0.818,1,0.1,0.1,0.8,0,1,1
"396",2090000,26,65,23.5,277.887978142077,7.1,35,0.313,0.446,0.76,2,0.9,0.1,1.6,0,1,3
"397",2281605,24,79,27.3,889.606557377049,14.5,30,0.357,0.537,0.766,1.3,0.7,0.2,1.3,0,1,5
"398",543471,22,16,5,92.7784810126582,1.9,0,0.385,0.5,0,0.4,0.1,0.2,0.7,0,1,5
"399",16000000,30,54,20.4,1267.8825136612,7.4,52,0,0.517,0.808,2.5,0.3,0.6,1.3,0,1,1
"400",1326960,21,69,17.2,1.14285714285714,6.4,19,0.311,0.475,0.854,2.2,0.5,0.1,1.1,0,1,4
"401",17200000,24,82,31.3,566.42349726776,16.1,48,0.347,0.537,0.841,1.6,0.7,0.5,1.2,0,1,2
"402",2870813,25,57,12.6,5.3659217877095,2.7,3,0.243,0.473,0.697,1.1,0.5,0.1,0.7,0,1,5
"403",5000000,35,71,27,19.5464480874317,9.1,66,0.278,0.479,0.615,2.5,1.6,0.4,1.4,0,1,5
"404",14445313,34,63,25.2,2899.98633879781,10.1,63,0.333,0.484,0.726,1.5,0.5,0,1.4,0,1,3
"405",2368327,25,80,29.2,7.08767123287671,8.5,80,0.406,0.548,0.81,1.6,0.7,0.2,0.7,0,1,5
"406",543471,23,27,7,48.7622950819672,2.1,1,0.6,0.4,0.667,0.7,0.2,0,0.1,0,1,5
"407",7800000,31,80,34.7,563.882513661202,11.7,80,0.344,0.556,0.738,1.7,1.8,0.3,0.9,0,1,4
"408",9250000,29,71,24.7,221.232240437158,10,43,0.321,0.546,0.673,2.1,1.1,0.4,1.8,0,1,2
"409",3386597,24,57,12.3,526.087431693989,5,0,0.443,0.459,0.759,0.9,0.2,0.1,0.8,0,1,3
"410",2340600,21,71,16.3,429.407103825137,6.2,4,0.319,0.4,0.722,1.4,0.4,0.3,0.9,0,1,2
"411",15330435,25,78,29.9,2610.96448087432,8.1,78,0,0.604,0.498,2.3,0.5,1.1,0.8,0,1,1
"412",3332940,25,67,17.7,173.22131147541,8.2,3,0.389,0.336,0.796,1.3,0.3,0.1,0.7,0,1,5
"413",652165,22,30,18.6,122.986338797814,6.2,16,0.29,0.524,0.656,2,0.9,0.3,1.1,0,1,4
"414",1315448,29,69,25.1,670.333333333333,9.9,24,0.288,0.502,0.797,1.7,1.1,0.1,1.9,0,1,3
"415",1733880,22,53,11.1,25.3060109289617,4.3,2,0.386,0.457,0.84,1.1,0.5,0,0.8,0,1,3
"416",5628000,24,73,29.8,15.207650273224,13.7,0,0.372,0.46,0.768,2.4,1.2,0.6,1.2,0,1,3
"417",918369,21,61,18.4,669.213114754098,7.3,15,0.266,0.455,0.775,1.2,0.8,0.1,1.3,0,1,3
"418",8000000,27,51,10.3,406.912568306011,3.5,5,0,0.497,0.564,1.2,0.1,0.4,0.4,0,1,1
"419",10203755,27,40,19.7,817.592896174863,10.3,6,0.356,0.429,0.75,1.5,0.9,0.2,1.5,0,1,4
"421",1339680,20,60,12.9,658.27868852459,3.5,0,0.356,0.454,0.767,0.8,0.8,0.1,0.6,0,1,3
"422",4000000,36,16,8.1,574.01912568306,1.9,0,0,0.55,0.6,1.4,0.4,0.1,0.5,0,1,1
"423",6552960,24,67,33.2,1279.6693989071,15.9,67,0.361,0.491,0.753,2.3,1.2,0.3,1.8,0,1,5
"424",4264057,40,73,24.6,3882.04371584699,8,15,0.378,0.418,0.765,2.2,0.8,0.5,0.7,0,1,4
"425",1793760,20,33,12.3,11.9102040816327,3.2,1,0.136,0.355,0.838,1.2,0.5,0.2,1.2,0,1,3
"426",6000000,29,62,24.2,264.926229508197,10.5,13,0.378,0.509,0.86,1.1,0.6,0.1,0.5,0,1,5
"427",5628000,29,68,11.9,5.0521978021978,2.7,3,0.246,0.537,0.647,1.2,0.4,0.4,0.3,0,1,4
"428",17145838,30,73,34.2,341.368852459016,13.5,73,0.363,0.432,0.816,2.2,1.1,0.2,1.4,0,1,5
"429",3533333,26,60,28.4,329.551912568306,13.7,19,0.37,0.483,0.753,1.8,0.8,0.5,1.6,0,1,5
"430",3551160,23,75,18.9,532.669398907104,8.1,21,0,0.532,0.669,2,0.7,0.6,0.9,0,1,1
"432",1375000,22,72,18.4,2.85087719298246,8.2,22,0.267,0.538,0.728,2.1,0.6,0.5,1.4,0,1,1
"433",11233146,29,71,30.9,211.953551912568,15.7,33,0.337,0.527,0.727,2.4,0.7,0.4,1.6,0,1,4
"434",2240880,21,47,37.2,2317.55737704918,18.9,47,0.387,0.515,0.836,2.2,0.9,0.2,1.8,0,1,5
"435",10000000,35,73,24.5,718.333333333333,14.1,5,0.223,0.474,0.731,1.9,0.5,0.1,1.4,0,1,2
"436",2898000,32,70,18.1,1183.57650273224,6.1,70,0,0.538,0.778,2.4,0.8,0.5,1.2,0,1,1
"437",2116955,33,32,5.9,11.155737704918,2.3,1,0.355,0.447,0.727,0.9,0.2,0,0.3,0,2,3
"438",5504419,22,58,32.9,864.098630136986,17.6,57,0.336,0.497,0.698,1.9,1,0.8,1.8,0,2,2
"439",1167333,24,48,10.9,325.208219178082,3,1,0.354,0.321,0.59,0.9,0.3,0.2,0.7,0,2,4
"440",77250,26,5,8.6,205.855191256831,4.2,0,0.667,0.714,0.833,1.2,0.4,0,0.4,0,2,2
"441",7319035,27,69,30,387.838356164384,9.3,67,0.369,0.432,0.738,2,1.1,0.6,1.1,0,2,2
"442",27734405,31,72,31.6,1569.86575342466,12.9,72,0.429,0.514,0.783,1.9,0.6,1.1,1.8,1,2,1
"443",9769821,33,36,13.4,603.188524590164,7,1,0,0.541,0.833,1.8,0.4,0.6,0.6,0,2,1
"445",10845506,26,64,16.5,161.224657534247,7.7,1,0.331,0.452,0.863,1.2,0.6,0.1,0.9,0,2,5
"447",5725000,24,75,15.1,8.31147540983607,4.7,8,0.38,0.443,0.848,1.7,0.5,0.1,0.3,0,2,5
"448",77250,23,37,15.2,378.482191780822,3.6,7,0.302,0.507,0.7,1.4,0.6,0.3,1.1,0,2,3
"449",4187599,24,69,20.2,345.227397260274,8.5,13,0.333,0.568,0.684,2.3,0.4,0.9,1.1,0,2,1
"451",815615,25,14,3.8,56.8109589041096,1.5,0,0.333,0.833,0.667,0.6,0.1,0.1,0.2,0,2,4
"452",18500000,25,75,29.3,321.934246575342,13.2,68,0.378,0.461,0.852,2.2,0.6,0.5,1,0,2,5
"453",11000000,30,74,15.8,371.795081967213,4.6,18,0.313,0.57,0.612,2.6,0.6,0.6,0.7,0,2,1
"454",23775506,24,78,33.7,911.147945205479,15,78,0,0.536,0.605,3.2,1.5,1.6,2.6,1,2,1
"455",14814815,34,64,25.3,2805.27123287671,6,7,0.282,0.567,0.632,1.5,0.8,0.6,1,0,2,4
"456",9259260,26,39,26.6,632.024657534247,5,39,0.222,0.627,0.316,2.3,1.2,0.9,0.8,0,2,5
"458",1312611,23,56,23.7,5.94808743169399,9.5,46,0.331,0.467,0.78,2.5,0.7,0.5,1.4,0,2,3
"460",7574322,22,82,36.3,2035.86301369863,17.7,82,0.331,0.475,0.643,2,1.1,0.6,1.7,0,2,4
"463",23775506,24,75,36.4,93.6630136986301,28.1,75,0.34,0.558,0.828,2.1,1.5,2.6,2.2,1,2,2
"464",5290000,32,79,22.2,216.687671232877,8.9,14,0.436,0.561,0.797,1.8,0.4,0.3,0.7,0,2,2
"466",384116,23,17,7.2,44.1095890410959,1.4,0,0.75,0.294,0.667,1.4,0.4,0.3,0.4,0,2,5
"467",4300000,31,81,18.3,657.67397260274,6,67,0.143,0.487,0.756,2.5,0.3,0.6,1,0,2,1
"468",5328652,32,53,12.9,440.893442622951,3.4,3,0.386,0.413,0.846,1.1,0.1,0.2,0.4,0,2,5
"469",11825000,25,61,33.7,947.657534246575,15.1,59,0.378,0.461,0.642,2.5,1.2,0.3,1.8,0,2,5
"470",8808989,27,46,31.2,1365.31232876712,14.3,46,0.369,0.436,0.768,2,1.1,0.2,2.2,0,2,5
"471",2490360,20,69,19.8,157.567123287671,6.9,19,0,0.523,0.721,2,0.5,0.6,1,0,2,1
"472",5200000,24,56,19.5,437.084931506849,7.5,17,0.346,0.477,0.828,2.5,0.7,0.3,1.1,0,2,5
"474",6168840,21,81,33.7,3892.45479452055,15.8,81,0,0.551,0.56,2.6,1.7,0.9,3.4,0,2,3
"475",17000000,25,82,18.2,446.095890410959,5.7,25,0,0.521,0.65,1.9,0.3,1.2,1,0,2,1
"476",29512900,28,58,34,3637.6904109589,21.4,58,0.345,0.482,0.785,2.4,0.7,0.3,2.8,0,2,2
"479",1516320,22,73,22.5,525.991780821918,13.2,4,0.359,0.514,0.769,1.8,0.7,0.3,1.4,0,2,2
"480",9470614,25,78,27.9,1279.01095890411,11.8,53,0.392,0.485,0.84,2.2,0.9,0.2,1.6,0,2,5
"481",10500000,28,80,30.8,725.843835616438,14.3,80,0.402,0.534,0.868,1.6,0.7,0.1,1.3,0,2,4
"482",23775506,24,82,36.3,1038.05753424658,22.6,82,0.375,0.507,0.791,2,1.2,0.4,2.6,1,2,5
"484",5519400,20,59,33.5,1853.67397260274,16.1,59,0.39,0.483,0.681,2.8,0.8,0.7,2.5,0,2,4
"486",160378,25,18,13.2,165.94262295082,2.8,0,0.364,0.469,0.8,1.6,1,0.3,0.8,0,2,3
"487",1331160,23,18,5.4,324.342541436464,2.4,0,0,0.488,0.6,0.7,0.5,0.3,0.3,0,2,2
"488",22642350,29,74,23.4,1839.65753424658,13,72,0.345,0.549,0.703,2.6,0.4,1.3,1.3,0,2,1
"489",2451224,22,12,8.9,271.550684931507,2.2,0,0.176,0.429,0.833,0.7,0.3,0.3,0.3,0,2,4
"490",1312611,24,80,19,342.832876712329,6.9,12,0.39,0.446,0.667,1.4,0.4,0,0.5,0,2,5
"491",3675480,25,80,25.3,1199.74520547945,13.5,12,0.431,0.457,0.877,1.9,1.1,0.3,1.6,0,2,5
"494",1465920,20,27,7,667.106849315069,2.3,3,0.125,0.442,0.667,1.4,0.2,0.1,0.7,0,2,2
"495",2203440,23,25,23.3,583.218579234973,8.8,14,0.385,0.419,0.75,1.8,1,0.4,1.4,0,2,3
"496",1632480,23,71,26.3,328.887671232877,12.1,10,0.347,0.48,0.711,2.2,1.2,0.3,2.2,0,2,4
"497",26243760,33,78,32.1,4679.16666666667,16.2,78,0.357,0.437,0.767,2.5,0.6,0.6,1.3,0,2,2
"498",2642857,22,61,11,698.509589041096,3.9,12,0.368,0.586,0.565,1.3,0.4,0,0.5,0,2,4
"499",23112004,29,36,19.2,887.512328767123,7.9,8,0.421,0.504,0.63,1.5,0.5,0.3,1,0,2,4
"500",7420912,34,53,13.1,1233.72404371585,5,1,0.339,0.67,0.895,1.3,0.3,0.2,0.4,0,2,1
"505",1471382,22,19,4.7,161.915300546448,2.4,0,0.125,0.5,0.643,0.4,0,0.3,0.1,0,2,2
"506",24268959,32,58,31.8,3962.68767123288,18.6,58,0.38,0.532,0.919,2.4,1.7,0.2,2.2,0,2,3
"507",23962573,26,81,36.1,17.3260273972603,21.4,81,0.397,0.465,0.836,2.1,1,0.4,1.9,0,2,5
"508",2334528,23,74,27.5,632.071232876712,13.9,74,0,0.653,0.56,2.5,0.8,1.9,1.4,0,2,1
"509",12584270,25,33,19,431.052054794521,7.1,0,0.667,0.542,0.718,2.5,0.4,0.6,1,0,2,1
"511",8105615,31,72,16.8,377.355191256831,5.3,18,0.282,0.539,0.722,1.9,1.1,0.2,0.7,0,2,4
"512",7630000,26,82,27,619.794520547945,7.9,17,0.353,0.457,0.745,1.7,1,0.2,1.1,0,2,3
"513",11747890,32,76,30.4,389.164383561644,12,69,0.406,0.482,0.919,1.4,1.1,0.2,1.1,0,2,5
"514",7843500,25,55,17.8,183.558904109589,5.6,16,0,0.596,0.667,1.9,0.3,0.2,1,0,2,1
"515",5562360,21,48,25.7,2132.16712328767,15.5,35,0.324,0.477,0.74,1.9,0.8,0.4,3.1,0,2,3
"520",26153057,27,73,36.6,2057.39178082192,26.9,73,0.361,0.501,0.916,1.6,1.1,0.4,2.8,1,2,3
"522",1100000,23,44,10.8,132.383561643836,4.1,2,0.324,0.538,0.696,0.8,0.3,0,0.4,0,2,5
"524",815615,25,63,14.9,447.879452054795,5.3,3,0.31,0.617,0.753,2.5,0.5,0.8,0.9,0,2,1
"525",20559599,29,21,32,622.772602739726,15.3,21,0.324,0.455,0.931,1.4,0.6,0.5,1.2,0,2,4
"526",10000000,30,70,25.6,829.34794520548,8.6,60,0.363,0.419,0.769,1.7,0.9,1.1,1.1,1,2,5
"527",2300000,30,73,21.4,133.346994535519,5.7,25,0.345,0.541,0.596,1.5,0.5,0.4,0.5,0,2,4
"528",4992385,22,14,16.8,617.772602739726,8.1,0,0.278,0.536,0.806,1.4,0.6,0.2,1.4,0,2,3
"529",77250,24,23,17.5,76.0849315068493,6.6,3,0.259,0.577,0.806,1,0.3,0.3,0.5,0,2,5
"530",2422560,23,78,29.6,967.917808219178,14.6,73,0.393,0.501,0.86,2.1,0.7,0.3,1.9,0,2,2
"531",2100000,27,82,23.7,216.572602739726,7.8,3,0.411,0.535,0.866,2,0.3,0.2,0.7,0,2,4
"532",7464912,29,19,7.4,115.748633879781,2.8,1,0.348,0.583,0.667,1.2,0.4,0.2,0.8,0,2,2
"533",10000000,30,69,29.2,365.631147540984,12.4,64,0.468,0.508,0.882,1.8,1.3,0.2,1.2,0,2,3
"534",77250,24,14,6.8,129.647540983607,1.1,0,0,0.385,0.857,0.5,0.1,0,0.3,0,2,5
"535",1312611,25,70,23.5,399.150684931507,7.9,21,0.346,0.496,0.655,2.3,0.8,0.4,1.1,0,2,5
"536",2328652,37,73,13.7,25.155737704918,6.8,0,0.375,0.576,0.759,1.6,0.6,1,1.1,0,2,1
"537",1312611,25,77,14.1,390.871232876712,5.9,10,0.373,0.588,0.816,1.2,0.3,0.4,0.5,0,2,2
"539",4609200,20,73,27.8,1500.11232876712,11.6,60,0.307,0.436,0.723,2.2,1,0.3,2.4,0,2,3
"542",1505942,29,58,12.5,405.344262295082,1.7,4,0.358,0.396,0.4,1.4,0.6,0.2,0.3,0,2,5
"543",1312611,21,81,21.5,711.027397260274,8.1,48,0.265,0.454,0.709,1.9,1.2,0.4,1.7,0,2,3
"544",1645200,25,69,20.8,248.158904109589,8,4,0.366,0.52,0.829,1.2,1,0.5,1.1,0,2,3
"545",27739975,28,80,33.9,1908.07945205479,23,80,0.31,0.494,0.825,1.9,1.1,0.3,2.2,1,2,5
"546",18063850,27,48,36.2,3412.39178082192,25.2,48,0.354,0.53,0.746,3.8,1.6,1.6,5,0,2,1
"547",14800000,31,73,29.9,467.808219178082,13.5,73,0.371,0.457,0.764,2.3,0.8,0.4,1.4,0,2,2
"548",319266,23,15,5.3,205.060109289617,1.1,0,0.143,0.545,0.5,0.5,0.3,0.1,0.7,0,2,3
"549",15500000,24,67,31,1023.78904109589,19.4,67,0.29,0.48,0.849,2.2,1.1,0.1,2.7,0,2,3
"550",3218280,20,69,29.7,1343.45479452055,15.2,69,0.313,0.435,0.694,2.2,1,0.3,2.8,0,2,3
"551",2186400,24,77,27.2,402.134246575342,10.2,37,0.386,0.45,0.745,2.4,0.8,0.1,1.3,0,2,5
"552",12000000,26,77,28,437.695890410959,12.3,77,0.222,0.596,0.651,2.1,0.7,1.1,1.1,0,2,1
"553",462875,20,20,12.3,650.13698630137,3.1,8,0.167,0.514,0.667,1.2,0.2,0.7,0.4,0,2,4
"554",2533488,29,25,16.8,5139.1397260274,8.4,7,0.233,0.474,0.87,0.6,0.3,0.2,1.4,0,2,3
"555",77250,22,16,9.2,169.331506849315,1.8,0,0.412,0.125,1,0.4,0.4,0.2,0.1,0,2,3
"556",1404600,23,17,8.2,214.397260273973,3.2,0,0.615,0.4,0.7,0.5,0.2,0.2,0.4,0,2,3
"557",2319360,21,54,34.5,3482.12328767123,24.9,54,0.383,0.46,0.878,3.1,0.9,0.3,3.6,0,2,5
"558",4402546,34,71,18.9,313.945355191257,8.4,1,0.348,0.476,0.835,2.2,0.7,0.2,1.1,0,2,3
"560",6900000,28,62,24.9,424.906849315068,10,46,0.355,0.595,0.779,2.6,0.6,0.8,1.4,0,2,1
"562",815615,22,82,28.7,407.430136986301,11,74,0.356,0.484,0.747,2.8,0.9,0.2,1.5,0,2,4
"563",12100000,26,30,30.6,1111.47945205479,14.3,30,0.306,0.463,0.739,2,0.8,0.3,2.3,0,2,5
"564",5000000,39,77,24.7,3561.29234972678,12,77,0.409,0.494,0.898,1.9,0.6,0.6,0.7,0,2,1
"565",2550000,21,74,24.5,931.087671232877,11.6,19,0.351,0.524,0.75,3,0.5,0.4,1.9,0,2,1
"566",2621280,21,79,33.4,61.5917808219178,20.5,71,0.34,0.502,0.805,2.7,1.5,0.3,2.7,0,2,5
"567",1312611,24,21,21.3,116.295890410959,5.9,13,0.299,0.481,0.733,2,0.5,0.2,1,0,2,2
"568",3294994,26,81,21.8,971.93698630137,7.8,4,0.426,0.497,0.79,1.5,0.2,0.2,0.7,0,2,4
"569",4468800,20,82,25.2,629.460273972603,6.5,37,0.366,0.426,0.765,2,0.3,0.6,1.4,0,2,2
"570",16400000,27,70,32.7,3486.92876712329,11,70,0.301,0.562,0.775,2.6,1.4,1.3,2.9,0,2,2
"571",815615,22,53,13.5,246.38904109589,3.3,6,0.256,0.409,0.8,0.9,0.3,0,0.4,0,2,5
"573",23500000,32,81,30.4,3495.7698630137,16.6,81,0.143,0.559,0.574,3.1,0.6,1.6,2.6,0,2,1
"574",9003125,26,79,21.2,186.208219178082,8.5,25,0.333,0.656,0.719,2.4,0.8,0.4,0.7,0,2,1
"575",17878652,36,67,22.9,7361.59836065574,11.4,3,0.288,0.468,0.714,1.9,0.9,0.7,2.1,0,2,5
"576",8445024,28,82,31.5,192.901369863014,12.5,80,0.425,0.556,0.706,2.2,1,0.1,1.2,0,2,5
"577",6352531,28,78,18.9,187.786301369863,5.3,0,0,0.584,0.667,2.4,0.4,0.7,0.8,0,2,1
"580",3332340,23,63,28.7,535.104109589041,12.7,63,0.326,0.52,0.649,2.3,1.3,0.3,2.7,0,2,3
"581",3381480,21,64,19.5,521.046575342466,8.6,14,0.318,0.415,0.76,1.3,0.6,0.2,1.8,0,2,3
"582",17884176,25,71,25.8,1500.41095890411,14.1,71,0,0.594,0.848,2.6,0.5,0.5,1.7,0,2,1
"583",14500000,28,74,31.4,1355.4,17.7,74,0.347,0.545,0.795,2.5,2,0.6,2.9,0,2,3
"584",12943020,29,69,31.2,975.468493150685,18,30,0.359,0.544,0.809,1.7,0.6,0.4,1.9,0,2,5
"587",6514288,30,69,25.1,466.846575342466,10.9,43,0.36,0.517,0.778,2.3,0.9,0.4,1,0,2,2
"588",17000000,25,57,32.2,288.032876712329,17.8,57,0.379,0.516,0.867,2.4,0.8,0.3,1.7,0,2,4
"589",17131148,29,79,25.7,614.92602739726,8.2,40,0.318,0.485,0.85,2.1,0.6,0.4,1.3,0,2,4
"590",2847600,24,79,23.2,580.180821917808,11.1,4,0.38,0.459,0.799,1.2,0.5,0.2,0.8,0,2,2
"591",3501120,19,78,21.9,990.931506849315,5.9,9,0.318,0.385,0.721,2.3,0.8,0.2,1.7,0,2,3
"592",1312611,23,76,20,359.580821917808,8.6,0,0.414,0.437,0.832,1.7,0.9,0.3,1,0,2,3
"593",1465920,20,14,5.7,296.183561643836,1.6,0,0.294,0.273,0.5,0.9,0.1,0.1,0.1,0,2,5
"594",8000000,31,65,24.8,148.065753424658,8.4,35,0.392,0.442,0.769,2.1,0.9,0.4,1.2,0,2,5
"595",2550055,23,67,34.4,333.150684931507,17.5,65,0.396,0.553,0.827,1.8,1.8,0.2,1.8,0,2,5
"596",20000000,31,67,27,784.304109589041,10,60,0.415,0.49,0.786,1.9,0.9,0.4,1.3,0,2,3
"598",1381403,32,41,22.7,1044.85205479452,12.1,2,0.369,0.504,0.85,2.1,0.6,0.4,0.8,0,2,5
"599",22471911,23,75,36.7,7422.21917808219,26.9,75,0.307,0.554,0.76,3.1,1.5,1.4,3,1,2,2
"600",1524305,24,23,14.7,787.624657534247,4.1,1,0.412,0.431,0.818,0.6,0.6,0,0.2,0,2,4
"601",17000450,31,75,31.7,18.9835616438356,17.3,75,0.37,0.481,0.801,2.4,0.8,0.2,2.2,1,2,3
"603",14112360,28,79,16.9,284.205479452055,5.9,0,0.311,0.511,0.775,1.9,0.6,0.5,0.7,0,2,1
"606",23112004,25,77,34.2,911.260273972603,18.9,77,0.357,0.478,0.827,1.2,0.6,0.2,1.5,0,2,2
"607",23775506,28,54,25.3,1092.35616438356,14,54,1,0.538,0.703,2.4,0.7,1.7,1.7,0,2,1
"608",1780800,21,38,8.7,214.021917808219,4,0,0.333,0.384,0.862,0.6,0.1,0,0.5,0,2,2
"609",1577230,26,74,19.7,12.4699453551913,7.4,2,0.318,0.533,0.763,1.6,0.4,0.1,0.8,0,2,5
"610",16000000,31,77,14.9,227.397260273973,4.8,0,0,0.561,0.703,3,0.5,0.5,1.3,0,2,1
"612",10337079,27,14,19.7,2019.27049180328,4.4,6,0.269,0.469,0.733,1.6,0.6,0.3,1.1,0,2,5
"613",1113863,26,20,21.1,267.5,8.6,1,0.333,0.423,0.902,1.8,0.8,0.1,1.5,0,2,3
"615",1312611,23,67,17.4,71.0846994535519,6.6,9,0.25,0.461,0.702,1.7,0.5,0.1,1.3,0,2,3
"616",6261394,28,32,26.9,12320.5835616438,15.2,15,0.293,0.438,0.893,1.8,0.5,0.1,3,0,2,3
"617",1312611,22,16,11.3,243.950819672131,6.3,0,0.389,0.485,0.684,1.4,0.5,0.1,1.5,0,2,3
"620",1312611,20,43,9.5,475.958904109589,3.7,0,0,0.504,0.765,1.1,0.2,0.3,0.6,0,2,1
"625",6782392,22,31,24,1140.44657534247,12.6,3,0.383,0.514,0.741,1.6,0.8,0.3,1.5,0,2,2
"629",6796117,27,80,26.1,1708.27945205479,9.7,47,0.323,0.488,0.818,2.3,0.8,0.3,0.9,0,2,4
"630",4995120,22,28,12.6,1777.90410958904,6.3,0,0.25,0.567,0.724,1.8,0.1,0.6,0.8,0,2,1
"631",77250,24,22,15.6,159.958904109589,4.7,6,0.5,0.549,0.625,2.2,0.4,1,0.4,0,2,4
"632",1312611,23,35,4.6,150.241095890411,1,1,0.2,0.37,0.667,0.4,0.2,0.1,0.1,0,2,4
"635",15270762,37,80,20.7,1557.33333333333,10.3,0,0.331,0.477,0.903,1.1,0.5,0.1,1.2,0,2,5
"636",3355320,20,81,31.7,784.756164383562,16.7,80,0.378,0.502,0.905,2.1,1,0.3,2.1,0,2,3
"637",6998920,35,50,20.3,435.081967213115,4.9,0,0.331,0.45,0.8,1.6,0.5,0.1,1.3,0,2,3
"639",3028410,27,72,22.3,5.24930747922438,7.1,22,0.333,0.567,0.836,1.9,0.7,0.3,0.8,0,2,4
"640",28299399,28,72,35.4,5059.78630136986,30.4,72,0.367,0.531,0.858,2.3,1.8,0.7,4.4,1,2,5
"641",13734000,30,73,26.6,544.690410958904,10.8,41,0.308,0.587,0.698,2.6,1,0.7,1.9,0,2,2
"643",77250,22,6,10.2,13.5792349726776,2.8,0,0.3,0.5,0.667,0.7,0,0,0.2,0,2,5
"645",8533333,27,55,28,178.468493150685,10.3,54,0.339,0.499,0.721,2.8,0.6,0.5,1.4,0,2,2
"646",10000000,32,48,14.3,233.832876712329,3.2,0,0.363,0.452,0.771,1.8,0.5,0.2,0.6,0,2,2
"647",1471382,23,73,22.8,91.7431693989071,7.7,36,0.347,0.47,0.767,2.9,0.5,0.7,1.2,0,2,2
"648",1713720,19,72,20,207.243835616438,8.2,31,0.333,0.599,0.776,2,0.4,1.2,1.1,0,2,1
"649",2328652,34,62,25,335.095628415301,7.5,56,0.291,0.459,0.84,1.6,0.6,0.1,1.9,0,2,3
"651",2328652,40,51,16,833.355191256831,3.3,4,0.348,0.487,0.889,1,0.8,0.3,0.5,0,2,5
"652",2116955,30,65,9.5,2229.96438356164,4.8,17,0,0.638,0.731,1.4,0.3,0.9,0.4,0,2,1
"654",4956480,21,70,30.7,1700.55068493151,14.5,70,0.395,0.507,0.644,2.6,1,0.4,1.8,0,2,5
"655",5645400,19,80,30.5,2046.15068493151,13.9,80,0.434,0.492,0.826,2.1,1,0.7,1.4,0,2,4
"656",2116955,31,78,23.4,1119.60821917808,10.8,13,0.312,0.54,0.868,1.9,0.5,0.4,1,0,2,2
"657",19000000,29,70,33,844.871232876712,14.2,70,0.368,0.477,0.845,2.4,1.5,0.3,2.5,0,2,3
"658",593780,27,9,4.3,162.472677595628,1.7,0,0.2,0.667,0.5,0.3,0,0.3,0.2,0,2,1
"659",1524305,23,81,20.3,493.106849315068,8.4,1,0.291,0.613,0.675,1.9,0.4,1,0.7,0,2,2
"660",7000000,25,80,24.6,295.405479452055,12.9,18,0.37,0.495,0.861,1.7,0.8,0.4,1.2,0,2,5
"661",12000000,29,1,25,3838.29508196721,18,1,0.5,0.4,1,3,0,0,3,0,2,3
"662",1713840,25,74,22.8,679.94262295082,8.4,26,0.326,0.468,0.745,1.8,0.9,0.1,1.2,0,2,3
"663",9000000,29,39,23.7,279.054644808743,7.9,11,0.37,0.474,0.795,2.3,0.6,0.2,1.2,0,2,5
"664",18696918,28,59,36.7,61.3671232876712,22.2,59,0.35,0.509,0.854,1.3,2,0.4,1.8,0,2,5
"666",3290000,30,77,14.5,237.030054644809,6.3,0,0.343,0.464,0.863,0.7,0.4,0.1,0.5,0,2,5
"667",1524305,26,78,25.3,221.060273972603,10.8,14,0.419,0.589,0.827,2,0.4,0.3,1.2,0,2,5
"668",13636364,30,82,31.4,646.484931506849,11.5,81,0.44,0.516,0.795,2.2,1.1,0.2,1.9,0,2,4
"669",10254904,36,55,21.9,30.7950819672131,6.8,4,0.276,0.493,0.889,1.2,0.3,0.1,0.9,0,2,4
"671",708200,24,6,6.3,144.902684563758,1.5,0,0,0.6,0.5,0.5,0.3,0,0.3,0,2,2
"672",6100266,23,63,30.3,3897.38630136986,22.9,63,0.308,0.527,0.769,3.3,0.6,1.8,3.7,1,2,1
"673",1524305,26,55,9.7,230.68306010929,4.1,1,0,0.53,0.638,0.8,0.2,0.1,0.6,0,2,1
"674",1936920,20,74,24.1,274.550684931507,10.5,26,0.34,0.598,0.715,2.9,0.6,1.1,1.4,0,2,2
"675",11422536,27,76,25.9,226.276712328767,8.8,69,0.143,0.578,0.57,2.7,0.6,1.4,1.1,0,2,1
"677",18063850,27,41,34.4,2992.48493150685,19.4,41,0.371,0.436,0.726,2,1.4,1.1,3.9,0,2,3
"678",77250,22,11,16,100.635616438356,8.7,4,0.167,0.565,0.536,1.6,0.3,0.2,0.8,0,2,2
"679",1524305,24,36,10.5,2.8080229226361,4.8,0,0.326,0.422,0.84,1.3,0.3,0.2,0.4,0,2,2
"680",10497319,28,8,17,209.603825136612,5.4,0,0,0.455,0.867,2,0.1,0.4,0.9,0,2,2
"681",4000000,30,74,15.3,356.795081967213,5.8,19,0.414,0.511,0.807,1.7,0.3,0.2,0.4,0,2,2
"682",15460675,25,77,22.4,649.128767123288,12.7,77,0.405,0.587,0.806,2.5,0.4,0.9,1.5,0,2,1
"683",4186320,20,27,19.9,440.958904109589,5.4,10,0.348,0.394,0.76,1.8,1.2,1.1,1,0,2,2
"684",6300000,28,69,29.4,881.926229508197,13.9,50,0.338,0.512,0.768,2.5,0.8,0.2,2.1,0,2,5
"685",815615,23,57,14.2,890.961643835616,4.6,13,0,0.641,0.682,1.6,0.6,1,0.9,0,2,1
"686",11562500,25,81,23.3,1123.94794520548,13.9,2,0.352,0.5,0.8,1.3,0.7,0.1,1.6,0,2,5
"687",1471382,23,23,12.3,155.139344262295,4,3,0.125,0.561,0.684,1.6,0.3,0.4,0.8,0,2,2
"688",2328652,36,57,16,11.0989010989011,4.5,32,0.464,0.545,0.8,1.4,0.5,0,0.7,0,2,3
"689",1394520,22,63,23.2,9.19178082191781,7.9,23,0.396,0.551,0.702,1.7,0.7,0.3,0.7,0,2,5
"690",1471382,26,69,14.2,143.071038251366,2.3,10,0.287,0.403,0.3,1.2,0.2,0.6,0.4,0,2,2
"691",5090040,20,77,25.4,1320.49589041096,13.1,35,0.263,0.464,0.634,2.8,1,0.5,1.9,0,2,4
"692",77250,28,18,12,89.8191780821918,2.6,0,0.364,0.292,1,0.9,0.4,0.1,0.5,0,2,3
"694",1471382,24,81,33.2,160.698630136986,12.9,81,0.378,0.495,0.845,2.5,1.5,0.9,1.7,0,2,4
"695",25686667,27,81,36.1,876.421917808219,19,81,0.337,0.557,0.786,2.5,1.5,0.8,2.6,0,2,5
"696",2076840,22,25,11.1,437.947945205479,3.3,3,0.28,0.6,0.833,1,0.2,0.1,0.4,0,2,2
"697",4149242,23,82,26.7,741.495890410959,16.1,49,0.222,0.575,0.718,3.3,0.5,0.5,2.6,0,2,1
"699",1579440,24,38,13.7,5.06849315068493,6.2,0,0.33,0.535,0.737,1.4,0.4,0.2,0.4,0,2,4
"700",4500000,28,72,31.5,599.701369863014,12.2,72,0.359,0.387,0.823,1.9,1.1,0.4,1.3,0,2,5
"701",2365560,22,68,22.1,708.895890410959,6.7,41,0.308,0.547,0.722,1.2,0.4,0.2,0.6,0,2,4
"703",2705040,21,68,24.7,448.682191780822,7.8,25,0.38,0.44,0.635,2.1,0.8,0.5,1.1,0,2,2
"704",2947304,23,79,26.4,823.254794520548,14.3,79,0,0.508,0.63,3.1,0.8,1.4,2.3,0,2,1
"705",77250,25,18,5.9,141.550684931507,1.1,1,0,0.545,0.778,0.8,0.2,0.1,0.5,0,2,3
"706",6216840,22,82,35.6,2228.38630136986,21.3,82,0.421,0.585,0.858,3.5,0.8,1.4,1.9,1,2,1
"707",18868625,26,9,23.3,5278.15616438356,16.2,9,0.314,0.539,0.816,1,2,1,1.8,0,2,4
"708",551866,22,16,8.8,846.789473684211,3.6,0,0.211,0.333,0.917,0.7,0.2,0.1,1,0,2,3
"709",12007169,26,76,23.4,1442.12054794521,11.5,22,0.379,0.59,0.77,2.9,0.8,0.5,1.9,0,2,2
"710",12000000,27,80,34.2,1088.53150684932,22.1,80,0.384,0.469,0.864,1.2,1.1,0.3,2.2,1,2,3
"711",12921348,28,32,14.4,444.095628415301,5.9,7,0,0.517,0.706,1.6,0.4,0.4,0.7,0,2,2
"712",16910112,28,65,27.5,380.646575342466,12.9,65,0.394,0.438,0.796,2.3,1.5,0.7,2.4,0,2,5
"713",17745894,24,74,33.2,910.591780821918,13.4,74,0.383,0.473,0.789,2,1.4,0.2,1.3,0,2,5
"714",25000000,29,68,34.2,12675.4520547945,26.4,68,0.419,0.565,0.889,2,0.7,1.8,3,1,2,4
"715",22642350,29,59,28,3513.98904109589,17.6,59,0.415,0.494,0.88,2,0.7,0.4,1.5,0,2,1
"716",1471382,21,66,13.8,435.934246575342,4,4,0.2,0.59,0.545,1.6,0.5,0.8,0.5,0,2,1
"718",14100000,26,82,36.4,396.813698630137,20.1,82,0.359,0.517,0.884,3.3,1.5,0.3,2.3,0,2,4
"719",17826150,27,73,34.3,4083.22191780822,20,73,0.44,0.526,0.837,1.6,0.8,0.5,1.8,1,2,5
"720",77250,20,32,20.1,97.1095890410959,6.1,12,0.282,0.46,1,1.9,0.6,0.2,1.4,0,2,3
"722",4046760,23,52,29.3,879.575342465753,13.4,43,0.321,0.457,0.737,3.3,2,0.5,2.9,0,2,3
"723",4503600,22,48,32.4,3086.24109589041,22.7,48,0.395,0.454,0.793,2.9,0.8,2.4,1.9,0,2,2
"724",2151704,24,74,26.7,413.295890410959,7.9,67,0.333,0.556,0.712,1.5,1.6,0.8,1.3,0,2,4
"726",7000000,36,73,21.6,3803.87945205479,9.2,4,0.436,0.537,0.889,1.8,0.4,0.4,0.8,0,2,5
"727",1423560,22,77,31.2,3275.95616438356,16.1,37,0.366,0.511,0.707,2.1,0.6,0.4,1.8,0,2,2
"728",28903704,31,78,32.2,1659.93698630137,16.2,78,0.399,0.474,0.854,2.5,1.1,0.2,2.3,1,2,3
"729",4087500,27,77,18,286.032876712329,7.1,10,0.235,0.599,0.772,2.5,0.5,1.3,1.3,0,2,1
"730",4666500,29,12,4.9,536.628415300546,1.9,0,0.4,0.313,0.538,0.3,0.1,0,0.3,0,2,4
"731",18868626,25,60,32.2,11293.2328767123,24.4,60,0.408,0.541,0.889,2,1.1,0.3,2.3,1,2,3
"732",21461010,32,75,33.5,1323.35616438356,23.1,75,0.293,0.526,0.837,2.1,0.6,1.2,1.5,1,2,1
"733",4180000,27,82,22.6,820.448087431694,9.2,7,0.289,0.495,0.661,2.2,0.6,0.2,1.6,0,2,5
"734",6655325,29,73,18.5,276.032786885246,4.1,31,0.403,0.364,0.83,1.8,0.4,0.2,0.5,0,2,2
"735",6666667,26,58,14.9,303.868493150685,6.2,2,0.344,0.418,0.805,0.7,0.6,0.1,0.3,0,2,5
"736",3821640,20,68,29.7,1332.87397260274,15.2,68,0.362,0.497,0.843,1.5,0.6,0.6,1.2,0,2,2
"737",33285709,33,82,36.9,23061.695890411,27.5,82,0.367,0.603,0.731,1.7,1.4,0.9,4.2,1,2,2
"739",6286560,20,52,34.2,12511.8849315068,10.2,50,0.305,0.42,0.451,2.3,1.7,0.8,2.6,0,2,3
"742",2116955,31,61,25.6,377.948087431694,7.5,15,0.364,0.599,0.684,1.6,1.2,0.4,1.1,0,2,2
"743",2947304,25,49,8.5,336.31693989071,2.5,3,0.263,0.721,0.679,1,0.5,0.9,0.3,0,2,1
"745",1974159,28,50,14.3,217.054644808743,5.2,14,0.385,0.525,0.773,1.1,0.2,0.1,0.4,0,2,4
"746",2759280,21,73,20,582.912328767123,7.6,9,0.415,0.463,0.855,1.2,0.6,0.2,0.9,0,2,5
"747",77250,22,20,16.3,75.0657534246575,6.7,1,0.354,0.457,0.727,1.4,0.3,0.8,0.6,0,2,2
"749",1504560,22,26,12.5,288.939516129032,3.4,4,0.3,0.36,0.773,1,0.4,0,0.4,0,2,5
"750",1312611,25,48,29.9,1185.81643835616,13,20,0.385,0.532,0.882,2.7,0.9,0.3,1.4,0,2,3
"751",2500000,28,54,18.8,289.920765027322,6.3,3,0.371,0.391,0.804,1.5,0.6,0.1,1.2,0,2,3
"752",77250,24,15,8.4,56.8849315068493,2.5,4,0.381,0.714,1,0.7,0.1,0.1,0.3,0,2,4
"753",1700640,21,62,9.4,194.715068493151,3.2,0,0.341,0.469,0.667,0.6,0.2,0.1,0.4,0,2,5
"754",2904480,19,63,13.6,996.402739726027,6.7,0,0.342,0.385,0.842,1,0.3,0.1,0.8,0,2,5
"756",2500000,40,65,20,59.051912568306,8.9,0,0.333,0.506,0.84,1.9,0.7,0.2,1.6,0,2,5
"757",22642350,33,73,33,1483.99452054795,17.2,73,0.341,0.456,0.834,2.5,0.7,1.4,2.7,0,2,1
"759",7082277,31,80,24.3,413.786301369863,12.1,2,0.377,0.509,0.908,1.1,0.8,0.2,1.2,0,2,5
"760",1312611,23,42,5.3,35.7936507936508,1.4,0,0.267,0.515,0.619,0.8,0.1,0,0.1,0,2,5
"761",5000000,28,54,26.8,13.4739726027397,13.6,21,0.368,0.467,0.805,1.9,0.6,0.2,1.2,0,2,2
"763",4538019,23,54,29.9,1064.07671232877,10.2,11,0.301,0.429,0.729,2.5,1.3,0.4,2.4,0,2,5
"765",4078320,22,75,22.1,452.920547945205,9.6,30,0.337,0.523,0.819,1.8,1.1,0.4,1.1,0,2,4
"766",7026240,19,14,18.1,3233.26301369863,7.1,0,0,0.409,0.476,1.6,0.9,0.3,1.2,0,2,5
"767",8000000,28,73,27,761.438356164384,11.5,73,0.367,0.529,0.82,3,0.8,0.5,1.7,0,2,2
"768",3073800,20,72,21.2,438.871232876712,7.7,49,0.295,0.509,0.608,2.8,0.7,1,1.5,0,2,2
"769",2116955,30,52,13,1094.86612021858,7.7,3,0.369,0.448,0.727,2,0.2,0.4,0.8,0,2,1
"770",13168750,31,78,25.7,346.13698630137,9.5,78,0.413,0.512,0.829,1.5,0.7,0.5,0.8,0,2,2
"771",14041096,27,74,19.4,659.632876712329,7.1,26,0,0.602,0.458,2.5,0.7,1.1,1.4,0,2,1
"774",9607500,27,38,18.7,754.32602739726,4.3,3,0.372,0.351,0.926,1.8,0.4,0,1.3,0,2,3
"776",815615,26,72,16.8,125.046575342466,5.4,36,0.313,0.613,0.746,1.6,0.4,0.7,0.4,0,2,2
"777",9904495,25,33,7.7,339.504109589041,3.4,2,0.423,0.673,0.818,1.1,0.2,0,0.3,0,2,1
"778",2116955,29,74,22.3,1473.45628415301,13.2,30,0.395,0.52,0.78,2,0.5,0.6,1.9,0,2,2
"779",2700000,26,52,16.1,1053.4602739726,4.6,2,0.237,0.365,0.82,1.9,0.8,0.4,1,0,2,3
"780",13000000,24,74,25,634.298630136986,9.2,74,0,0.505,0.684,1.9,0.7,0.4,0.7,0,2,4
"781",28530608,30,12,31.1,13.9644808743169,17.1,12,0.312,0.44,0.803,2,1,0.3,1.5,0,2,3
"783",5000000,26,53,20,150.413698630137,7.6,7,0.371,0.559,0.919,1.5,0.6,0.5,0.8,0,2,1
"784",1709538,29,76,18.5,223.317808219178,8.8,1,0.405,0.582,0.658,1.9,0.3,0.1,1,0,2,2
"790",77250,22,3,8.3,43.4876712328767,3.3,0,0,0.8,1,0.3,1,0,0.3,0,2,3
"791",1471382,24,76,17,296.701369863014,11,3,0.143,0.641,0.626,1.9,0.5,0.7,0.9,0,2,1
"793",2483040,21,65,28.2,482.682191780822,12.7,62,0.357,0.519,0.777,2.9,0.6,1.8,1.5,0,2,1
"796",3950000,29,67,20.5,241.26301369863,6.8,21,0.415,0.505,0.8,2.1,0.7,0.2,0.8,0,2,2
"797",4187599,23,30,15.7,1101.98904109589,4.4,6,0,0.529,0.75,2,1,0.7,0.9,0,2,1
"799",5192000,32,80,17.4,42.9535519125683,7.3,8,0.377,0.481,0.862,1.3,0.5,0.1,0.5,0,2,5
"800",22434783,29,64,31,309.87397260274,11.6,64,0.336,0.473,0.831,1.1,1,0.4,2,0,2,5
"802",3807146,24,41,12.8,549.008196721311,4.4,0,0.4,0.37,0.724,0.6,0.2,0.1,0.6,0,2,5
"803",1471382,22,75,32.6,1466.97260273973,18.5,73,0.396,0.538,0.85,2.8,1.2,0.8,2.8,0,2,1
"804",12500000,26,55,27.2,7.34794520547945,15.6,14,0.377,0.525,0.818,2,0.8,0.7,1.1,0,2,2
"805",12250000,27,57,29.5,376.583561643836,16.5,57,0.314,0.527,0.819,2.5,1,1.1,1.9,0,2,1
"806",4031018,22,54,16.2,225.980821917808,4.9,16,0.303,0.5,0.621,1.3,0.4,0.3,0.6,0,2,2
"807",1471382,24,70,15.2,322.569863013699,5.5,18,0.285,0.516,0.821,1.6,0.5,0.2,0.9,0,2,5
"808",1645200,20,74,20,481.813698630137,5.9,62,0.371,0.604,0.629,1.8,0.7,0.2,0.6,0,2,4
"809",1460927,25,6,13.3,99.7978142076503,3.3,4,0.364,0.6,0.667,1,0.2,0.2,0.2,0,2,2
"811",2106470,29,53,14,270.122950819672,5.7,7,0.455,0.595,0.725,1.3,0.3,0.4,0.7,0,2,4
"812",24773250,24,77,31.6,761.479452054794,14.7,77,0.441,0.537,0.828,2,1.5,0.5,1,0,2,4
"814",1312611,23,81,20.7,249.32602739726,7.3,5,0.22,0.612,0.621,2,0.8,0.5,0.8,0,2,2
"815",1471382,25,82,18.1,260.087671232877,5.4,5,0.352,0.506,0.841,1.5,0.3,0.3,0.5,0,2,5
"816",5513514,29,11,30.4,1326.49863013699,12.2,11,0.4,0.407,0.824,3.1,1.7,0.5,2.3,0,2,5
"817",1312611,22,57,16.9,1018.68767123288,4,10,0.238,0.503,0.765,1.2,0.8,0.2,0.7,0,2,5
"818",5192000,28,82,15.5,444.175342465753,3.9,3,0.386,0.421,0.87,1.1,0.6,0.3,0.4,0,2,2
"820",16000000,37,77,23.5,2672.23287671233,10.1,63,0.358,0.481,0.756,1.6,0.3,1,1.4,0,2,1
"821",19300000,27,79,36.6,4252.92602739726,21.9,79,0.401,0.454,0.822,2.9,2,0.5,2.7,1,2,4
"822",30769231,32,38,30.1,1076.96438356164,14.6,37,0.345,0.506,0.696,2.6,1,1.2,1.9,0,2,2
"823",1312611,23,54,15.3,189.838797814208,4,12,0.336,0.355,0.76,1.6,0.4,0.3,0.8,0,2,4
"825",1709538,27,70,19.4,230.142076502732,5.9,8,0.349,0.384,0.817,2.1,0.5,0.4,0.9,0,2,2
"827",189832,24,33,22.4,518.98904109589,9.5,18,0.442,0.514,0.88,1.8,0.4,0,1,0,2,3
"829",6300000,31,65,26.2,2608.80547945205,8.3,63,0.333,0.526,0.543,1.8,1.1,0.2,2.3,0,2,3
"830",2986463,31,28,14,206.781420765027,4.9,3,0.308,0.374,0.772,1,0.5,0.1,1.1,0,2,3
"831",2338653,21,28,7.6,143.51912568306,2.3,0,0.378,0.474,0.667,0.5,0.2,0.1,0.2,0,2,5
"832",1471382,25,41,12.1,21.0493150684932,4.5,0,0.404,0.481,0.743,0.9,0.3,0.1,0.9,0,2,3
"833",2328652,33,82,16.6,441.054644808743,6.9,2,0.352,0.444,0.818,1.1,0.6,0.2,0.9,0,2,3
"834",2500000,26,62,27.9,154.427397260274,11.3,52,0.445,0.536,0.796,1.1,0.8,0.2,0.8,0,2,4
"836",16000000,27,45,26.7,410.808219178082,14.6,45,0.308,0.475,0.836,1.9,0.6,0.1,2.2,0,2,3
"837",4828652,37,20,8.2,2951.38797814208,1.5,0,0.286,0.5,0.571,0.6,0.1,0.1,0.3,0,2,4
"838",1471382,24,48,15.5,248.134246575342,6.5,2,0.129,0.624,0.661,2,0.4,0.6,0.5,0,2,1
"839",14100000,27,77,29.3,1264.99452054795,13.1,77,0.352,0.451,0.866,2.7,1.6,0.1,2.7,0,2,3
"840",16698103,27,80,31.7,655.679452054795,12.6,80,0.369,0.497,0.853,3,1.7,0.9,1.6,0,2,4
"841",13788500,29,64,26.4,1152.89863013699,11.8,64,0.286,0.536,0.756,1.7,0.2,0.8,1.7,0,2,1
"842",2386864,25,60,26.9,267.093150684932,14.7,23,0.381,0.467,0.86,1.8,0.8,0.2,1.2,0,2,5
"843",1312611,26,18,16.6,159.257534246575,5.1,2,0.429,0.553,0.5,1.2,0.4,0.2,0.2,0,2,5
"844",4328000,24,29,13.3,6.17183098591549,2.4,1,0.333,0.346,0.769,1.1,0.9,0.2,0.6,0,2,5
"845",1455720,23,68,28.2,255.720547945205,13.9,59,0.241,0.491,0.788,2.1,1,0.7,1.8,0,2,4
"846",815615,24,69,16.7,69.6712328767123,5,4,0.356,0.47,0.803,1.5,0.5,0.2,0.8,0,2,4
"847",8406000,31,57,21.6,1226.01095890411,11.5,6,0.314,0.516,0.772,1.7,0.8,0.7,1.4,0,2,2
"849",28299399,29,80,36.4,7191.79726027397,25.4,80,0.298,0.485,0.737,2.5,1.8,0.3,4.8,1,2,3
"850",19578455,29,66,26.1,666.575342465753,9.3,50,0.386,0.539,0.774,1.9,0.4,0.3,0.6,0,2,2
"851",77250,23,24,12.7,452.487671232877,2,0,0.29,0.8,0.833,0.8,0.5,0,0.5,0,2,3
"852",1471382,31,61,12,363.256830601093,3.5,1,0,0.657,0.576,2,0.4,1.1,0.6,0,2,1
"853",1794600,23,73,12.1,491.655737704918,4.2,1,0.167,0.593,0.661,1,0.3,0.1,0.5,0,2,2
"854",4774445,28,52,12.3,313.155737704918,6.3,1,0.319,0.427,0.889,0.6,0.3,0.1,0.7,0,2,5
"855",1291892,23,73,15.8,330.468493150685,2.7,0,0.32,0.397,0.61,1.2,0.3,0.1,0.3,0,2,2
"856",20061729,28,76,27.5,1666.67123287671,12.6,76,0.36,0.559,0.797,2.8,0.4,1.3,1.2,0,2,2
"857",1924755,25,43,9.7,426.084699453552,5,2,0.259,0.478,0.78,0.7,0.2,0.1,0.1,0,2,4
"858",2361359,26,74,20.7,500.616438356164,8.7,10,0.376,0.45,0.841,1.1,1.1,0.2,1.2,0,2,3
"860",7692308,32,71,15.9,2751.53278688525,5.5,7,0,0.509,0.82,1.6,0.5,0.3,0.8,0,2,3
"861",6000000,27,69,19.8,201.325136612022,6.9,3,0.345,0.473,0.711,1.3,0.8,0.1,1.3,0,2,3
"863",1312611,21,60,20.7,469.109589041096,8.7,28,0.353,0.459,0.805,2.2,0.4,0.8,1.2,0,2,2
"864",12236535,26,12,15.6,134.098630136986,2.4,1,0.19,0.35,0.5,1.8,0.6,0.1,0.8,0,2,4
"865",1524305,24,80,28.8,219.846575342466,12.6,58,0.326,0.452,0.813,2.3,0.9,0.3,1.6,0,2,3
"866",3097800,21,69,27.4,317.257534246575,8.7,50,0.286,0.439,0.772,2.4,1.4,0.2,1.1,0,2,4
"867",34682550,29,51,32,15776.4,26.4,51,0.423,0.595,0.921,2.2,1.6,0.2,3,1,2,3
"868",815615,22,54,14.4,113.350684931507,4,4,0.352,0.439,0.875,1.5,0.6,0.2,0.5,0,2,5
"869",22471911,24,76,32.7,1365.13150684931,13.9,76,0,0.631,0.559,2.8,1.2,1,1.7,0,2,1
"873",14000000,32,82,33.2,721.183561643836,12.2,82,0.2,0.595,0.768,2.7,0.8,0.7,1.1,0,2,2
"874",3290000,26,51,10.5,248.896174863388,3.5,2,0.091,0.638,0.46,2.1,0.4,0.6,0.7,0,2,1
"875",1785000,19,61,12.5,529.104109589041,3.1,12,0.333,0.612,0.9,1.4,0.4,0.2,0.2,0,2,5
"876",10500000,26,24,25,527.958904109589,8.7,20,0.323,0.469,0.75,1.9,1.1,0.5,1.2,0,2,5
"877",1988520,23,80,25.9,559.86301369863,11.3,16,0.381,0.41,0.772,1.5,1,0.2,1,0,2,3
"878",5250000,33,38,21.2,418.542465753425,8.2,6,0.381,0.551,0.815,1.6,1.4,0.3,0.8,0,2,4
"879",12921348,29,81,32.2,287.394520547945,11.8,81,0.32,0.531,0.598,2.2,1.7,0.4,1.3,0,2,2
"880",815615,20,15,4.8,329.6,1.5,0,0.1,0.636,0.556,0.4,0.1,0.1,0.1,0,2,1
"881",3086784,20,74,16.7,1505.16712328767,4.8,12,0.298,0.467,0.699,2.2,0.5,0.7,0.6,0,2,1
"882",2000000,27,59,14.2,207.78904109589,3,11,0.304,0.44,0.767,1.6,0.8,0.1,1,0,2,3
"883",16500000,25,57,33.1,1123.72328767123,17.5,54,0.317,0.516,0.816,2.2,1.1,0.2,1.6,0,2,5
"884",15280000,31,31,11.6,1267.8825136612,4.2,13,0.222,0.64,0.767,1.3,0.2,0.4,1.1,0,2,1
"885",1594590,22,52,15.5,1.14285714285714,5.8,7,0.335,0.431,0.793,1.9,0.2,0.1,0.7,0,2,4
"886",16000000,25,80,33.4,382.008219178082,18.6,80,0.411,0.488,0.829,2.1,0.9,0.4,1.3,0,2,2
"887",3000000,26,73,22.5,161.939726027397,7.2,30,0.465,0.544,0.781,1.8,0.7,0.2,1.1,0,2,5
"888",1471382,36,22,12.4,19.5464480874317,4.7,0,0.333,0.506,0.524,2.2,0.5,0.1,0.9,0,2,4
"889",1414920,20,9,3.2,201.452054794521,0.9,0,0,0.3,1,0.1,0,0,0,0,2,1
"890",15453126,35,55,19.5,2899.98633879781,7.7,21,0.27,0.479,0.705,0.9,0.5,0,1.2,0,2,3
"891",9821429,26,75,27.4,362.408219178082,6.9,59,0.403,0.49,0.792,1.5,0.6,0.4,0.5,0,2,5
"892",77250,27,39,16.1,78.386301369863,4.2,5,0.293,0.57,0.629,1.6,0.3,0.4,0.5,0,2,4
"893",1312611,24,63,16.7,73.1041095890411,4.3,2,0.412,0.452,0.695,1.7,0.5,0,0.4,0,2,5
"894",7400000,32,67,33.9,843.309589041096,11.7,67,0.368,0.519,0.854,2,1.5,0.2,0.8,0,2,4
"895",9571137,30,68,17,221.232240437158,6.3,7,0.242,0.545,0.71,1.8,0.4,0.3,0.9,0,2,2
"896",784160,25,36,21.8,712.071232876712,12.8,9,0.362,0.556,0.649,1.2,0.7,0.1,1.2,0,2,3
"897",2441400,22,73,19.1,492.832876712329,9.9,2,0.381,0.563,0.706,1.5,0.4,0.5,0.8,0,2,2
"899",3408520,26,79,20.5,180.452054794521,8.9,15,0.4,0.419,0.875,1.7,0.3,0.1,0.7,0,2,5
"900",1842176,23,21,14.6,122.986338797814,6.3,1,0.289,0.563,0.667,1.6,1,0.2,0.9,0,2,4
"903",1524305,23,54,12.6,25.3060109289617,4.1,11,0.25,0.476,0.759,1.4,0.6,0.2,0.7,0,2,3
"904",5821260,25,72,28.5,433.709589041096,11.7,39,0.367,0.491,0.822,2.1,0.8,0.5,1.1,0,2,3
"906",1312611,22,71,23.4,669.213114754098,7.8,43,0.288,0.425,0.832,1.7,1,0.1,1.8,0,2,3
"907",1709538,28,66,16.8,406.912568306011,6.7,34,0.357,0.578,0.722,1.9,0.2,0.5,0.7,0,2,1
"908",3290000,28,52,30.9,817.592896174863,19.4,32,0.399,0.482,0.785,1.8,1.1,0.3,2.3,0,2,3
"911",1471382,21,82,17.9,534.980821917808,5.1,11,0.349,0.528,0.877,1.3,1.2,0.1,0.7,0,2,3
"912",2328652,37,14,5.1,594.117808219178,0.6,0,0.125,0.286,0.5,0.2,0,0.1,0.1,0,2,1
"914",21000000,25,75,34,1703.54246575342,23.1,75,0.371,0.528,0.799,2.3,2.4,0.8,2.9,1,2,5
"915",8000000,41,58,17.7,4776.07671232877,5.4,5,0.345,0.483,0.757,1.7,0.7,0.4,0.6,0,2,4
"917",2254292,21,7,11.4,11.9102040816327,5.4,0,0.8,0.625,0.6,1.7,0.3,0.1,0.6,0,2,3
"918",6270000,30,77,26.5,267.202739726027,11.2,2,0.392,0.479,0.859,1.2,0.7,0.1,0.7,0,2,5
"919",1312611,23,35,19.8,7.53257790368272,9.3,9,0.402,0.456,0.746,1.7,0.5,0.1,1.5,0,2,5
"921",5881260,30,74,20.1,5.0521978021978,5.4,40,0.339,0.471,0.741,2,1,0.8,0.7,0,2,4
"922",17884175,31,63,33.8,294.986301369863,12.7,62,0.381,0.441,0.822,2.2,1.2,0.3,1.3,0,2,4
"923",3533333,27,81,33.1,200.052054794521,15.7,40,0.37,0.51,0.805,2.1,1,0.6,1.8,0,2,5
"924",3704160,24,73,28,559.539726027397,12.8,58,0.25,0.506,0.619,2.5,1.1,0.9,1.5,0,2,1
"925",1471382,27,42,10.2,173.25956284153,4.6,5,0.5,0.672,0.582,1.3,0.2,0.5,0.5,0,2,1
"926",1435750,23,48,10.3,649.586301369863,5.1,1,0.417,0.566,0.656,1.3,0.4,0.3,0.7,0,2,1
"927",12016854,30,74,31.7,291.931506849315,10,71,0.358,0.501,0.772,2.1,0.6,0.5,1.2,0,2,4
"929",1312611,24,82,27.8,833.775342465753,10.2,21,0.373,0.477,0.796,1.9,0.8,0.1,1,0,2,5
"930",3057240,20,66,15.8,657.221917808219,4.4,1,0.31,0.455,0.643,2,0.3,0.5,0.9,0,2,1
"931",3202217,22,24,27.3,1470.18904109589,16.7,24,0.341,0.405,0.813,2.3,1,0.2,1.8,0,2,5
"932",12307692,36,59,25.6,718.333333333333,14.5,57,0.347,0.503,0.785,2,0.7,0.2,2,0,2,2
"933",3477600,33,69,14.1,1183.57650273224,5.4,57,0,0.567,0.806,1.8,0.6,0.2,1,0,2,1
"935",21590909,23,78,33.8,960.906849315068,16,78,0.349,0.499,0.731,2.2,0.7,0.7,2.1,0,3,2
"936",1914480,22,50,12.9,590.438356164384,5.9,0,0.339,0.459,0.82,1.4,0.4,0.3,0.8,0,3,3
"937",1378242,25,61,11.4,307.257534246575,4,1,0.32,0.513,0.75,1.1,0.3,0.2,0.4,0,3,4
"938",6957105,28,81,28.3,378.257534246575,9.4,81,0.343,0.514,0.867,1.8,0.8,0.4,0.9,0,3,2
"939",28928710,32,68,29,2370.59452054795,13.6,68,0.36,0.604,0.821,1.9,0.9,1.3,1.5,0,3,1
"940",11536515,27,64,21.5,292.027397260274,8.8,24,0.363,0.428,0.823,1.4,0.6,0.3,1,0,3,5
"941",3667645,25,31,19,8.31147540983607,5.3,2,0.323,0.5,0.923,1.7,0.5,0.2,0.5,0,3,5
"942",77250,24,25,21.2,365.704109589041,9.2,4,0.48,0.431,0.797,2.2,1,0.4,1.7,0,3,3
"943",4350000,25,77,20.1,343.630136986301,11.1,31,0.363,0.554,0.648,2.6,0.4,0.9,1.3,0,3,1
"945",1349383,26,72,13.9,412.076712328767,4.7,5,0.356,0.586,0.563,1.9,0.3,0.2,0.4,0,3,4
"946",838464,22,14,4.6,93.572602739726,0.9,0,0.5,0.214,0.5,0.5,0.1,0.2,0,0,3,2
"947",19332500,26,43,26.3,185.304109589041,9.6,20,0.378,0.342,0.732,2.4,0.5,0.3,1.1,0,3,5
"948",3382000,23,64,22.8,545.035616438356,10.9,3,0.394,0.466,0.803,1.8,0.4,0.2,1.8,0,3,5
"950",2393887,31,51,10.4,371.795081967213,3.9,6,0.3,0.573,0.756,1.9,0.3,0.3,0.9,0,3,1
"951",25434262,25,79,33.5,980.6,17.3,79,0.132,0.548,0.59,3.4,1.7,1.7,2.2,0,3,1
"952",16000000,35,68,23.2,2418.11780821918,5.7,13,0.333,0.652,0.582,1.4,0.9,0.8,0.8,0,3,4
"953",354500,24,17,11,5.94808743169399,3.2,0,0.2,0.393,0.944,2,0.2,0.1,0.7,0,3,3
"954",25467250,23,73,34.8,1815.84657534247,18.1,73,0.339,0.441,0.699,2.1,1,0.7,1.9,0,3,4
"955",1837800,19,20,7.1,368.569863013699,3.8,1,0.345,0.529,0.563,0.5,0.1,0,0.6,0,3,5
"958",25434263,25,56,33,972.769863013699,25.9,56,0.331,0.547,0.794,2.4,1.6,2.4,2,1,3,1
"959",5750000,33,65,16.6,272.353424657534,5,0,0.377,0.409,0.783,1.4,0.3,0.3,0.6,0,3,2
"961",5193600,32,51,16.1,908.643835616438,5.6,18,0.344,0.519,0.855,2.5,0.2,0.7,0.8,0,3,1
"962",13155324,26,76,26.7,1025.89589041096,8.1,15,0.318,0.522,0.526,2.7,0.6,0.3,0.9,0,3,5
"963",12000000,28,63,30.2,571.298630136986,9.9,63,0.351,0.446,0.86,2.7,0.7,0.3,1.4,0,3,5
"964",2955840,21,82,23.3,395,8.9,28,0.2,0.588,0.735,2.5,0.9,0.8,1.5,0,3,1
"965",5460000,25,19,8.3,382.405479452055,3.9,0,0.415,0.348,0.667,1.2,0.3,0.2,0.3,0,3,5
"966",6434520,22,79,34.2,6145.05479452055,16.9,79,0,0.566,0.6,2.6,1.4,0.8,3.5,1,3,3
"968",31873932,29,75,35,4820.79726027397,24.5,75,0.362,0.525,0.753,2.7,0.7,0.4,3.4,1,3,2
"969",9490740,30,58,11.7,2231.50410958904,7.3,12,0.4,0.624,0.748,1.6,0.3,0.5,1,0,3,1
"970",2494346,23,50,26,266.657534246575,14.2,28,0.393,0.467,0.794,2.9,0.7,0.4,1.5,0,3,2
"971",9000000,26,70,27.8,1068.9397260274,14.1,17,0.36,0.462,0.827,2,1,0.2,1.7,0,3,5
"972",10500000,29,81,31.8,730.632876712329,18,81,0.425,0.538,0.807,1.7,0.9,0,1.7,0,3,4
"973",838464,29,36,9.5,334.172602739726,3.9,0,0.41,0.515,0.857,0.9,0.3,0.1,0.5,0,3,3
"974",25434262,25,82,36.9,944.076712328767,25.6,82,0.351,0.548,0.808,2.8,1.5,0.7,2.7,1,3,5
"975",56845,23,16,3.6,38.7753424657534,1.4,0,0.333,0.235,0.818,0.4,0,0,0.2,0,3,3
"976",5757120,21,52,33.8,2219.35616438356,18.3,52,0.33,0.521,0.675,2.9,0.5,0.6,2.5,0,3,4
"977",14631250,27,39,18.9,555.082191780822,6.8,26,0.318,0.443,0.794,1.6,0.5,0.1,0.8,0,3,3
"979",3382000,30,81,28.7,1249.4904109589,12.5,81,0.365,0.613,0.842,2.3,0.6,2.2,1,0,3,1
"981",3125000,25,82,28,220.241095890411,11.8,81,0.426,0.489,0.885,1.9,0.5,0,1,0,3,5
"982",3833760,26,82,31.9,848.849315068493,20.7,82,0.427,0.487,0.886,2.5,0.7,0.4,1.8,0,3,5
"985",1740000,21,21,8.5,260.72602739726,2,0,0.143,0.37,0.667,1.3,0.3,0,0.9,0,3,2
"986",3440356,24,40,17.8,583.218579234973,6.3,13,0.298,0.511,0.805,1.6,0.7,0.2,1.1,0,3,3
"987",1702800,24,40,26.6,510.035616438356,13.7,25,0.312,0.483,0.691,1.9,1.1,0.4,1.7,0,3,4
"988",2393887,34,10,29.4,4679.16666666667,13.4,2,0.328,0.491,0.682,3.2,0.4,0.7,0.8,0,3,2
"989",2775000,23,76,32.2,1419.76164383562,13,75,0.348,0.489,0.779,2.6,0.8,0.1,1.5,0,3,4
"990",1991520,22,44,20.3,199.369863013699,5.2,14,0.28,0.516,0.605,1.3,0.5,0.1,0.6,0,3,4
"991",24107258,30,25,19.8,643.654794520548,7.5,3,0.309,0.443,0.88,1.8,0.8,0.2,1.3,0,3,4
"992",2393887,35,36,9.5,1233.72404371585,3.6,6,0.405,0.289,0.786,1.2,0.2,0.1,0.4,0,3,1
"993",975824,25,49,15.2,129.75956284153,5.5,2,0.4,0.441,0.694,1.9,0.5,0.1,0.9,0,3,3
"994",1544951,22,64,14,242.147945205479,6,1,0.25,0.625,0.746,1.8,0.5,0.5,0.8,0,3,2
"995",838464,21,29,5,121.205479452055,1.8,0,0,0.339,0.765,0.5,0.2,0.1,0.5,0,3,2
"996",457418,26,28,5.8,413.016438356164,3.3,0,0.324,0.564,0.867,1.1,0.2,0.9,0.3,0,3,2
"997",35654150,33,58,32,4358.56438356164,15.6,58,0.358,0.479,0.862,2.5,2,0.3,2.6,0,3,3
"998",1512601,23,21,12,141.61095890411,8.2,2,0.346,0.571,0.732,0.8,0.3,0.5,0.8,0,3,2
"999",25759766,27,70,33.9,16.9315068493151,21,70,0.375,0.506,0.828,2.5,0.8,0.4,1.5,0,3,5
"1001",13528090,26,49,25.4,376.098630136986,10.1,47,0.273,0.57,0.787,3.3,0.8,0.8,1.3,0,3,1
"1002",4073760,20,82,31.8,1141.53150684932,16.7,72,0.402,0.44,0.839,2.3,0.5,0.1,2.3,0,3,3
"1003",7945000,27,82,25.2,388.158904109589,6.5,9,0.322,0.454,0.698,1.6,1.1,0.3,1,0,3,3
"1004",12253780,33,34,12.6,263.87397260274,4,6,0.291,0.5,0.667,0.9,0.6,0.1,0.4,0,3,5
"1005",8470980,26,60,12.4,110.753424657534,4,0,0,0.543,0.685,1.2,0.2,0.1,0.6,0,3,1
"1006",7019698,22,81,30.2,1142.07671232877,21.1,81,0.369,0.482,0.78,1.7,1.2,0.2,3.1,1,3,3
"1010",27977689,28,80,35.5,2140.83835616438,25.8,80,0.369,0.499,0.912,1.9,1.1,0.4,2.7,1,3,3
"1011",77250,26,32,11.7,574.186301369863,4.9,0,0.397,0.492,0.864,0.9,0.4,0,0.3,0,3,5
"1012",1378242,24,73,27.5,148.046575342466,10.7,40,0.368,0.461,0.745,1.8,0.8,0.1,1,0,3,5
"1014",1378242,26,66,13.8,357.953424657534,5.7,2,0.388,0.603,0.737,2.4,0.3,0.6,0.5,0,3,1
"1015",21587579,30,68,30.3,458.26301369863,19.8,68,0.433,0.484,0.904,1.9,0.7,0.3,1.5,0,3,4
"1016",10000000,31,80,27.7,1115.19452054795,10.3,80,0.455,0.487,0.841,2.1,0.9,0.7,0.9,0,3,5
"1017",2487000,31,64,14.5,133.346994535519,3,21,0.462,0.484,0.778,1.1,0.4,0.2,0.3,0,3,2
"1018",10600000,23,42,15.8,633.194520547945,6.9,1,0.29,0.464,0.791,1.6,0.3,0.1,1.2,0,3,3
"1019",247827,25,39,25.1,238.043835616438,9.4,13,0.416,0.595,0.789,2.1,0.5,0.3,0.9,0,3,4
"1020",2526840,24,81,25,962.67397260274,10.6,41,0.365,0.499,0.88,2.2,0.6,0.1,1.2,0,3,2
"1021",2205000,28,69,25.5,157.586301369863,8.2,15,0.365,0.467,0.789,2.4,0.6,0.3,0.9,0,3,4
"1022",10000000,31,76,28.2,365.631147540984,11.2,76,0.407,0.492,0.832,1.8,1.4,0.1,1.6,0,3,3
"1023",77250,23,8,11.3,57.4739726027397,3.6,0,0.455,0.313,0.571,1,0.1,0,0.8,0,3,5
"1024",1512601,26,51,19.3,293.457534246575,6.5,14,0.32,0.545,0.682,2.1,0.7,0.3,0.6,0,3,5
"1025",7000000,26,76,21.5,226.561643835616,8,12,0.429,0.513,0.883,1.8,0.5,0.4,0.6,0,3,2
"1027",5470920,21,81,31.4,843.241095890411,17.3,81,0.371,0.482,0.727,2.5,1.6,0.6,2.8,0,3,3
"1028",949000,20,50,19.7,243.002739726027,5,31,0.305,0.441,0.75,2.3,1.4,0.5,1.5,0,3,3
"1030",8175840,20,71,30.7,2131.25205479452,16.3,70,0,0.588,0.746,2.9,0.9,0.9,1.8,0,3,1
"1032",2536898,26,75,22.7,343.983561643836,8.7,13,0.298,0.492,0.793,1.4,1.2,0.4,1,0,3,3
"1033",27739975,29,77,34.9,3255.27123287671,21.2,77,0.156,0.492,0.83,2.3,1.1,0.5,2.6,0,3,5
"1034",5337000,28,30,25.7,3318.99726027397,16.3,30,0.274,0.551,0.736,3.6,1.3,1.5,2.4,0,3,1
"1035",15400000,32,67,25.4,274.643835616438,11.1,8,0.342,0.457,0.76,1.7,0.5,0.1,1.1,0,3,2
"1036",170107,24,6,6.5,205.060109289617,3.7,0,0.333,0.667,1,0.7,0.3,0,0.2,0,3,3
"1037",15500000,25,79,29.3,966.328767123288,15.5,14,0.341,0.45,0.819,2.4,0.8,0.2,2.2,0,3,3
"1038",3819960,21,53,28.5,877.224657534247,13.6,50,0.322,0.477,0.635,2.4,1.3,0.4,2.9,0,3,3
"1039",500000,25,32,7.5,149.578082191781,2.6,0,0.296,0.455,0.667,1,0.2,0.3,0.3,0,3,5
"1040",16900000,27,76,23.2,397.13698630137,11.8,70,0.218,0.64,0.675,2.1,0.7,1.4,1.1,0,3,1
"1041",1512601,21,60,19.2,332.547945205479,7,14,0.308,0.567,0.607,2.1,0.8,0.7,0.7,0,3,4
"1042",2176260,30,51,27.3,5897.99178082192,18,13,0.37,0.509,0.856,1.1,0.6,0.2,1.6,0,3,3
"1043",1667160,24,67,25.8,224.120547945205,9.9,55,0.338,0.529,0.772,2.2,1,0.7,1.4,0,3,3
"1044",3314365,22,64,35,2415.27397260274,26.6,64,0.326,0.536,0.866,3.1,0.9,0.2,4.1,0,3,5
"1045",2393887,35,68,15.8,313.945355191257,6.3,2,0.31,0.476,0.761,2,0.5,0.2,0.8,0,3,3
"1048",6300000,29,64,25.1,157.895890410959,10.8,52,0.382,0.57,0.814,3.3,1.1,1.1,1.3,0,3,1
"1049",1378242,23,18,18.3,344.945205479452,7.5,0,0.375,0.415,0.733,2.8,0.6,0.2,1.1,0,3,4
"1050",12705000,27,44,25.9,463.2,12,28,0.377,0.471,0.5,1.6,0.7,0.2,1.5,0,3,5
"1051",5000000,40,51,15.6,3561.29234972678,7.3,20,0.312,0.415,0.78,1.5,0.2,0.4,0.4,1,3,2
"1052",2659800,22,74,24.8,901.087671232877,14.1,5,0.529,0.592,0.715,3.2,0.6,0.4,2.2,0,3,1
"1053",3111480,22,77,33.7,4612.34246575342,23.8,77,0.362,0.468,0.806,2.7,1.4,0.4,2.8,0,3,5
"1054",2484360,22,27,15.2,1447.31506849315,4.9,0,0.265,0.683,0.75,1.4,0.5,0.2,0.7,0,3,5
"1056",1544951,25,81,24.5,117.183561643836,7.5,26,0.311,0.544,0.709,2.3,0.9,0.4,0.9,0,3,4
"1057",7333334,27,77,17.4,667.32602739726,7.3,1,0.408,0.569,0.835,1.4,0.2,0.1,0.5,0,3,4
"1058",4661280,21,46,18,478.767123287671,5,27,0.218,0.688,0.593,2,0.4,0.5,0.8,0,3,2
"1059",17469565,28,66,31.3,3291.38904109589,7.4,66,0.285,0.549,0.692,3,1.4,1.1,2.6,0,3,2
"1061",77250,24,15,10.7,287.956164383562,3.3,1,0.286,0.727,0.667,0.7,0.3,0,0.3,0,3,2
"1062",1378242,23,43,17.7,157.243835616438,7.3,13,0.437,0.494,0.739,1.7,0.3,0.1,0.4,0,3,5
"1064",9631250,27,77,21.6,240.583561643836,10.6,22,0.307,0.699,0.772,2.6,0.6,0.6,0.9,0,3,1
"1065",2393887,37,72,26.2,7361.59836065574,15,2,0.33,0.472,0.708,1.6,0.8,0.5,2.3,1,3,5
"1066",1634400,19,9,4.3,284.753424657534,2.1,0,0.1,0.667,0,0.1,0.2,0,0.4,0,3,5
"1067",8808685,29,53,27.6,244.92602739726,11.9,36,0.432,0.506,0.763,2.1,0.8,0.2,1.1,0,3,5
"1068",4449000,29,81,17.9,242.449315068493,5.8,1,0,0.62,0.617,2.8,0.4,0.4,0.8,0,3,1
"1069",449794,23,23,9.1,73.2164383561644,2.9,2,0.259,0.405,0.625,1.1,0.5,0.2,0.4,0,3,3
"1071",3000000,24,42,29.8,738.328767123288,10.6,42,0.314,0.476,0.743,1.9,1,0.4,2.7,0,3,3
"1072",1238464,21,53,18.1,179.901369863014,5.7,16,0.295,0.475,0.787,2.1,0.6,0.1,1.3,0,3,3
"1073",4294479,22,59,27.2,713.112328767123,14.8,42,0.329,0.492,0.774,1.7,0.7,0.3,2.4,0,3,3
"1074",19264603,26,67,24.5,999.978082191781,13.7,31,0.294,0.562,0.787,2.5,0.5,0.4,1.8,0,3,1
"1075",15000000,29,78,29.1,704.569863013699,15.9,78,0.329,0.582,0.75,2,1.5,0.4,2.1,0,3,3
"1076",13500375,30,68,31.7,1137.79452054795,16.2,53,0.36,0.497,0.783,2.1,0.6,0.4,1.3,0,3,5
"1078",7000000,31,67,18.4,648.712328767123,6.8,7,0.363,0.493,0.824,2.6,0.5,0.3,0.7,0,3,2
"1079",17000000,26,81,31.5,306.095890410959,15.1,81,0.34,0.509,0.806,2.8,0.9,0.1,1.9,0,3,5
"1080",17868853,30,73,22,547.602739726027,6.8,2,0.212,0.494,0.708,1.5,0.5,0.2,1.6,0,3,3
"1081",1378242,20,61,19.2,265.213698630137,8.1,16,0.314,0.507,0.74,1.5,0.4,0,0.8,0,3,3
"1082",3627842,25,47,16.1,491.342465753425,8.6,0,0.36,0.553,0.738,1.4,0.3,0.3,0.9,0,3,1
"1083",4155720,20,43,21,562.468493150685,5.7,16,0.287,0.371,0.767,2.4,0.7,0.3,1.3,0,3,3
"1084",8653847,24,64,27.5,1033.0301369863,11,28,0.378,0.441,0.843,1.7,0.9,0.3,1.3,0,3,3
"1085",1740000,21,48,14.1,368.739726027397,5.8,7,0.326,0.505,0.818,1.3,0.6,0,0.5,0,3,5
"1086",8000000,32,75,27.2,193.208219178082,7.8,55,0.341,0.515,0.748,2.7,1,0.4,0.9,0,3,5
"1087",674122,24,51,12.6,144.953424657534,2.9,2,0.297,0.692,1,0.9,0.4,0.5,0.1,0,3,2
"1088",16517857,24,57,28.8,372.646575342466,12.9,48,0.339,0.476,0.799,2,1,0.3,1.2,0,3,5
"1089",19000000,32,60,21.7,1747.03835616438,7.6,13,0.314,0.547,0.824,1.7,0.9,0.1,0.9,0,3,3
"1091",1512601,25,59,8.7,211.561643835616,4,0,0.41,0.566,0.833,1,0.2,0.1,0.4,0,3,2
"1092",1512601,33,73,20.2,1606.81643835616,9.2,0,0.354,0.547,0.838,1.7,0.5,0.4,0.8,0,3,5
"1093",24157304,24,72,32.8,6641.39178082192,27.7,72,0.256,0.641,0.729,3.2,1.3,1.5,3.7,1,3,2
"1094",4075000,25,47,13,420.693150684931,4.2,18,0.29,0.491,0.8,1,0.3,0.2,0.4,0,3,4
"1095",18109175,32,36,27.5,18.7205479452055,13.7,22,0.348,0.454,0.782,2.3,0.8,0.1,2,0,3,3
"1096",31214295,28,72,25.9,1911.03287671233,11.5,18,0.333,0.542,0.834,1.4,0.9,0.3,1.5,0,3,2
"1097",15170787,29,76,13.6,239.728767123288,6.4,2,0.339,0.53,0.83,1.8,0.6,0.5,0.8,0,3,1
"1098",2076960,23,38,10.9,1942.95342465753,5.6,2,0.323,0.443,0.75,1.2,0.2,0.2,0.9,0,3,5
"1099",2410167,28,43,11.2,316.754098360656,5.3,2,0.2,0.495,0.625,1.5,0.3,0.2,0.7,0,3,1
"1101",838464,20,51,10.3,488.131506849315,3.7,3,0.167,0.504,0.61,1.5,0.4,0.2,0.5,0,3,5
"1102",24107258,26,77,32.9,832.167123287671,16.4,77,0.395,0.439,0.824,1.6,0.6,0.2,1.3,0,3,2
"1103",2207040,20,58,14.1,755.827397260274,7,0,0,0.512,0.637,2.6,0.5,0.4,1.3,0,3,2
"1104",24434262,29,72,23.3,858.887671232877,12.3,53,0.125,0.581,0.449,2.7,0.6,1.9,1.3,0,3,1
"1105",2199311,22,19,13.6,163.178082191781,6,0,0.447,0.386,0.76,1.4,0.4,0.1,0.5,0,3,2
"1106",1757429,27,60,16.2,12.4699453551913,6.7,6,0.327,0.47,0.892,1.6,0.4,0.1,1,0,3,5
"1107",16000000,32,34,14.6,188.630136986301,4.1,6,0.188,0.5,0.689,2.5,0.7,0.5,0.6,0,3,1
"1109",11011234,28,62,23.9,2019.27049180328,7.5,41,0.348,0.416,0.8,2,1,0.4,0.8,0,3,5
"1110",1000000,19,22,5.5,472.169863013699,0.9,0,0,0.2,0.6,0.4,0.4,0.2,0.3,0,3,3
"1112",838464,20,28,7.9,203.87397260274,1.9,0,0.333,0.514,0.786,2,0.3,0.4,0.5,0,3,2
"1114",2029463,29,12,15.1,5636.33150684931,8.1,0,0.279,0.393,0.63,1.4,0.4,0.1,1.5,0,3,5
"1121",20000000,23,64,26.9,1611.36164383562,14.5,17,0.313,0.556,0.712,2.3,0.7,0.5,2.4,0,3,2
"1122",1646400,21,30,6.8,283.950684931507,1.3,1,0.267,0.368,0,0.9,0.2,0.1,0.4,0,3,5
"1123",7305825,28,80,27.1,935.315068493151,11.9,11,0.331,0.527,0.721,2.1,0.8,0.4,1.1,0,3,4
"1124",1567007,23,59,15.8,1450.37534246575,8.2,24,0.2,0.591,0.663,1.6,0.3,0.7,0.9,0,3,1
"1125",1544951,24,71,18.7,159.156164383562,7.6,33,0.326,0.646,0.704,1.6,0.4,0.4,0.6,0,3,4
"1127",1230000,22,73,21.8,1004.2,9.3,38,0.348,0.523,0.725,1.7,0.5,0.1,1.2,0,3,3
"1129",4698113,38,64,18.9,1557.33333333333,7.9,0,0.332,0.453,0.845,1.2,0.5,0.2,1.5,0,3,5
"1130",3499800,21,75,32.6,946.213698630137,18.2,74,0.367,0.476,0.848,2,0.9,0.4,2.1,0,3,3
"1131",1621415,28,58,21.2,5.24930747922438,6.7,27,0.353,0.601,0.716,2.6,0.7,0.4,0.6,0,3,4
"1132",30570000,29,78,36.8,5984.85205479452,36.1,78,0.368,0.528,0.879,3.1,2,0.7,5,1,3,3
"1133",14420700,31,55,21.2,681.224657534247,7.8,33,0.336,0.496,0.714,2.1,0.6,0.5,1.3,0,3,2
"1135",8066667,28,65,21.1,96.8712328767123,9.4,6,0.403,0.53,0.792,3,0.7,0.5,1.3,0,3,2
"1136",9530000,33,59,20.7,291.27397260274,4.9,25,0.351,0.545,0.696,2.2,0.6,0.3,0.7,0,3,2
"1138",2416221,24,42,7.8,91.7431693989071,2.7,1,0.351,0.489,0.818,1.2,0.1,0.2,0.3,0,3,2
"1139",5922720,19,58,26.1,1027.71232876712,13.8,56,0.359,0.553,0.766,3.8,0.9,1.4,1.7,0,3,2
"1141",838464,19,17,4.1,162.213698630137,1.4,0,0,0.5,0.6,0.5,0.4,0.1,0.5,0,3,2
"1142",2034120,20,80,26.2,356.413698630137,10.9,80,0.133,0.629,0.709,2.3,0.5,1.5,1.3,0,3,1
"1144",2393887,31,75,22.3,2454.50136986301,12,62,0.083,0.634,0.632,2.8,0.6,2,1.4,0,3,1
"1147",5169960,22,74,25.9,1828.78904109589,13,25,0.344,0.529,0.658,2.5,0.9,0.4,1.3,0,3,5
"1149",6700800,20,79,31.1,4245.66301369863,15.7,79,0.373,0.483,0.855,2.1,1.1,0.7,1.5,0,3,4
"1150",2393887,32,77,27.2,1677.3095890411,12.3,44,0.347,0.586,0.888,2.1,0.6,0.5,1.3,0,3,2
"1151",19000000,30,42,30.1,550.65205479452,12.1,41,0.333,0.453,0.804,2.1,1,0.4,2.3,0,3,3
"1152",8333333,24,80,32.7,419.643835616438,13.6,77,0.392,0.555,0.71,2.7,0.8,1.3,0.8,0,3,2
"1153",7000000,26,79,28.5,266.117808219178,15.3,55,0.348,0.487,0.888,1.8,1.1,0.4,1,0,3,5
"1154",12516746,30,74,19.4,3838.29508196721,9.6,4,0.294,0.517,0.838,1.9,0.6,0.2,1.7,0,3,3
"1155",2639313,26,60,15.7,679.94262295082,4.2,1,0.364,0.473,0.65,1.3,0.7,0.1,0.9,0,3,3
"1156",3050160,21,33,9.7,203.830136986301,3.4,0,0.316,0.491,0.667,1.4,0.3,0.1,0.4,0,3,5
"1157",8575916,30,34,19.3,279.054644808743,6.1,6,0.296,0.402,0.571,1.6,0.5,0.1,0.9,0,3,3
"1158",838464,23,39,14.8,454.405479452055,4.4,3,0.333,0.265,0.813,1.4,0.7,0.3,0.8,0,3,3
"1159",19841627,29,65,33.6,246.046575342466,18.7,65,0.347,0.494,0.855,1.7,1.9,0.6,1.5,0,3,4
"1160",20261172,33,42,16.5,1996.41256830601,7.1,1,0,0.519,0.716,2.3,0.5,0.7,1.2,0,3,1
"1162",8333333,27,76,30.2,293.47397260274,13.7,76,0.474,0.528,0.827,2.4,0.5,0.2,1.6,0,3,5
"1163",12545455,31,82,31.3,1246.94246575342,12.1,82,0.391,0.533,0.707,2.2,1.2,0.2,2.4,0,3,2
"1164",25467250,24,64,33.7,4577.37534246575,27.5,64,0.3,0.535,0.804,3.3,0.7,1.9,3.5,1,3,1
"1165",2299080,21,61,30,385.671232876712,19.5,59,0.348,0.609,0.763,3.3,0.4,0.6,2,0,3,2
"1166",10577466,28,14,13.4,246.558904109589,5.6,0,0.355,0.556,0.6,1.1,0.5,0.8,0.9,0,3,1
"1167",19169800,28,32,34.5,1663.95890410959,20.7,32,0.302,0.507,0.697,2.2,1.5,0.9,3.8,0,3,3
"1168",77250,23,22,7.1,119.342465753425,4.6,0,0,0.557,0.6,1.2,0.2,0.1,0.7,0,3,2
"1170",10002681,29,41,9.8,209.603825136612,3.8,1,0.091,0.637,0.742,1.5,0.3,0.1,0.6,0,3,2
"1171",1690000,23,44,14.5,355.150684931507,4.7,10,0.354,0.697,0.481,2.3,0.4,0.9,0.8,0,3,2
"1172",2165481,31,73,16.7,356.795081967213,6.3,6,0.367,0.563,0.8,1.9,0.4,0.2,0.6,0,3,2
"1173",16539326,26,49,22.3,705.775342465753,15.6,27,0.292,0.586,0.795,3,0.4,1.1,1.8,0,3,1
"1174",4969080,21,75,26.6,409.315068493151,9.6,64,0.323,0.51,0.815,1.9,0.8,1.3,1,0,3,2
"1175",6000000,29,56,19,881.926229508197,6.5,9,0.269,0.427,0.742,1.6,0.5,0.3,1.2,0,3,5
"1176",1378242,24,68,11.6,851.569863013699,3.3,3,0,0.521,0.61,1.2,0.3,0.8,0.6,0,3,1
"1177",12500000,26,81,27.3,2335.99726027397,16.8,0,0.324,0.524,0.844,1.4,0.7,0.2,1.7,0,3,5
"1179",77250,27,27,12.3,132.758904109589,5.9,0,0.286,0.537,0.8,1,0.5,0.3,0.6,0,3,5
"1180",2393887,37,49,12.9,11.0989010989011,2.3,0,0.246,0.492,0.818,1.3,0.3,0.1,0.7,0,3,3
"1181",1655160,23,67,25.6,499.019178082192,7.8,22,0.336,0.511,0.688,2.2,1,0.6,0.9,0,3,5
"1182",6041520,21,79,25.2,673.320547945205,11.5,29,0.324,0.445,0.671,2.6,0.9,0.7,2.2,0,3,5
"1183",2163600,20,74,23.7,249.671232876712,7.7,52,0.279,0.464,0.728,2.2,1.2,0.4,0.9,0,3,5
"1184",9367200,25,73,34.8,316.139726027397,16.6,73,0.357,0.458,0.861,2.7,1.1,0.5,1.5,0,3,5
"1185",26641111,28,67,35.9,1603.53698630137,21.2,67,0.325,0.539,0.768,2.2,1.6,0.8,3.1,0,3,5
"1186",2166360,23,70,19.4,270.865753424658,5.8,25,0.365,0.541,0.767,1.3,0.4,0.3,0.5,0,3,2
"1187",8641000,24,73,30.6,1065.33424657534,21.4,49,0.344,0.564,0.731,3.4,0.7,0.6,2.8,0,3,2
"1188",2516047,25,48,9.6,5.06849315068493,3.7,4,0.312,0.5,0.743,1,0.5,0.3,0.5,0,3,4
"1189",4500000,29,82,31.8,698.860273972603,10.5,77,0.348,0.442,0.896,2,1.5,0.4,1.3,0,3,5
"1190",2807880,23,81,19.9,428.564383561644,7.2,14,0.355,0.542,0.785,1.2,0.4,0.2,0.4,0,3,4
"1191",2667600,21,3,7,416.309589041096,1.7,0,0,0.4,0.5,1.7,0.7,0,0,0,3,1
"1192",3448926,22,66,29.7,435.8,12.6,52,0.375,0.462,0.628,2.7,1.1,0.3,2.2,0,3,4
"1193",11111111,24,72,27.4,619.386301369863,15.6,72,0.103,0.523,0.773,3.5,1,1.4,2.3,0,3,1
"1194",7839435,23,77,33.1,2019.47397260274,24.4,77,0.4,0.562,0.836,3.8,0.9,1.6,3.1,1,3,1
"1195",23114066,27,60,34,6419.29315068493,26.6,60,0.371,0.542,0.854,1.5,1.8,0.4,2,1,3,4
"1196",838464,23,30,16.8,279.312328767123,5,3,0.25,0.522,0.643,1,0.6,0.5,0.5,0,3,4
"1197",13537527,27,79,22.9,530.460273972603,10,36,0.354,0.604,0.822,2.3,0.7,0.5,1.4,0,3,2
"1198",12000000,28,82,34.9,1770.63835616438,25.6,82,0.356,0.494,0.844,1.6,1.2,0.4,2.6,1,3,3
"1199",14242782,29,37,19.7,444.095628415301,10.4,13,0.32,0.617,0.646,2.2,0.5,0.6,0.9,0,3,1
"1200",838464,24,46,23.5,44.4821917808219,6.1,29,0.333,0.447,0.684,2.1,1,0.4,0.8,0,3,4
"1201",18089888,29,67,24.5,358.147945205479,11.6,35,0.32,0.465,0.726,2.5,1.3,0.6,1.8,0,3,5
"1202",12000000,25,82,24.8,859.567123287671,11.4,23,0.347,0.542,0.867,1.7,0.9,0.2,0.8,0,3,5
"1203",30000000,30,78,34.6,10067.9643835616,26,78,0.353,0.587,0.885,2,0.7,1.1,2.9,1,3,4
"1204",2250960,20,75,27.3,246.556164383562,9.7,59,0.385,0.457,0.732,2.1,0.9,0.3,1.5,0,3,5
"1205",3744840,19,75,28.8,810.164383561644,12.8,57,0.343,0.387,0.717,2.3,0.6,0.3,1.5,0,3,2
"1206",24119025,30,22,27.2,3464.07123287671,17,21,0.361,0.412,0.904,2.5,0.3,0.2,1.9,0,3,2
"1207",1567007,22,80,18.5,839.591780821918,6.3,24,0.1,0.641,0.619,2.6,0.6,0.7,0.6,0,3,1
"1208",1378242,26,50,12.9,149.624657534247,4.8,1,0,0.607,0.699,1.4,0.4,0.6,0.4,0,3,1
"1209",13000000,27,77,31.1,580.805479452055,18.3,77,0.378,0.485,0.837,2.2,1,0.1,2.3,1,3,4
"1210",838464,22,26,7.5,105.512328767123,2.3,0,0.286,0.353,0.636,0.8,0.3,0.2,0.2,0,3,5
"1211",18988725,28,78,34,4889.89589041096,21.5,78,0.402,0.516,0.816,2,1.1,0.6,1.5,1,3,5
"1214",4221000,24,46,30.2,512.057534246575,11.3,44,0.354,0.441,0.797,3.6,1.5,0.5,2.3,0,3,3
"1215",8641000,25,43,29.8,398.128767123288,8,40,0.265,0.583,0.578,2.6,1.3,0.9,1.3,0,3,4
"1216",7560000,37,70,19.1,3571.53698630137,8.6,0,0.397,0.467,0.822,1.5,0.4,0.2,0.8,0,3,5
"1217",1689840,23,70,33.1,2958.13150684931,18.7,68,0.303,0.553,0.752,2.4,0.6,0.4,1.9,0,3,2
"1218",32700000,32,65,34,1994.34794520548,14.2,65,0.347,0.514,0.83,2.6,1.4,0.5,2.8,1,3,3
"1219",4449000,28,45,8.2,282.890410958904,3.5,3,0.083,0.548,0.81,1.5,0.2,0.6,0.7,0,3,1
"1220",20099189,26,67,33,8132.51780821918,23.8,67,0.401,0.533,0.873,2.5,1.5,0.5,2.6,1,3,3
"1221",22347015,33,81,33.2,1047.01643835616,21.3,81,0.238,0.528,0.847,2.2,0.5,1.3,1.8,1,3,1
"1222",4449000,28,68,16.5,820.448087431694,7.2,3,0.371,0.472,0.685,1.6,0.6,0.1,1.3,0,3,5
"1223",7119650,30,46,17,276.032786885246,4.5,17,0.278,0.475,0.75,1.8,0.4,0.2,0.5,0,3,2
"1224",1705920,21,79,22.8,337.917808219178,9.1,27,0.422,0.453,0.806,2,0.5,0.1,0.6,0,3,5
"1225",7000000,27,80,21.8,146.668493150685,8.4,4,0.355,0.449,0.844,1.7,0.5,0.1,0.3,0,3,5
"1226",4536120,21,52,32.3,1283.21917808219,18.7,51,0.361,0.479,0.872,2.3,0.7,0.6,1.6,0,3,2
"1227",35654150,34,55,35.2,34147.9616438356,27.4,55,0.339,0.582,0.665,1.7,1.3,0.6,3.6,1,3,4
"1228",2360160,20,17,6.9,517.868493150685,2.6,0,0.385,0.333,0.8,0.4,0.4,0.2,0.2,0,3,5
"1229",7461960,21,47,30.3,4411.67945205479,9.9,45,0.329,0.482,0.417,2.4,1.5,0.4,2.2,0,3,3
"1232",4320500,32,4,15.3,377.948087431694,5,0,0.333,0.5,0.4,2,0.3,0.3,0.5,0,3,2
"1233",6569040,19,72,32.2,4626.4904109589,21.2,72,0.327,0.503,0.713,1.9,1.1,0.3,3.4,0,3,5
"1234",3275280,22,63,22.8,395.238356164384,9.7,10,0.394,0.486,0.836,1.5,0.4,0.2,0.9,0,3,5
"1235",1619260,23,46,17,232.712328767123,7,18,0.363,0.411,0.826,0.9,0.6,0.9,0.5,0,3,2
"1236",16747954,33,22,17.8,1264.95901639344,7.1,2,0.318,0.608,0.714,1.1,0.7,0.4,0.6,0,3,4
"1237",1569360,23,22,4.7,288.939516129032,1.4,0,0.32,0.25,0.8,0.6,0,0,0.4,0,3,5
"1238",1544951,26,64,28.6,959.01095890411,15.6,64,0.426,0.544,0.928,1.6,0.7,0.2,1.4,0,3,5
"1239",1773840,22,81,23.2,170.427397260274,11.3,18,0.402,0.56,0.848,1.4,0.7,0.1,0.7,0,3,5
"1240",3447480,20,73,17.2,522.791780821918,8.9,0,0.33,0.461,0.882,1.5,0.5,0.3,1.2,0,3,5
"1241",24119025,34,79,30.8,882.73698630137,13.6,72,0.363,0.487,0.759,2.7,1.1,1.1,2,0,3,1
"1243",6153846,32,79,23,912.509589041096,10.5,1,0.372,0.468,0.903,1.5,0.4,0.1,0.9,0,3,5
"1245",5375000,29,75,27.9,10.6986301369863,13.9,53,0.375,0.508,0.844,2.4,0.6,0.3,1.2,0,3,2
"1246",11160716,24,80,27.5,1134.32876712329,8.9,60,0.364,0.511,0.806,2.5,1.8,0.4,1.5,0,3,5
"1247",6500000,23,58,20.8,536.964383561644,8.8,24,0.276,0.478,0.763,1.9,1,0.1,1.5,0,3,4
"1248",8339880,20,19,22.5,2537.03835616438,8.2,15,0.286,0.433,0.568,2.7,0.9,0.3,1.3,0,3,5
"1249",9173294,29,58,21.9,751.884931506849,9.4,16,0.335,0.484,0.772,3,0.6,0.4,0.9,0,3,2
"1250",3206160,21,43,11.6,413.150684931507,4.2,2,0.222,0.472,0.711,1.9,0.4,0.3,0.8,0,3,2
"1252",7314960,19,62,25.3,1497.82465753425,14.9,4,0.313,0.534,0.691,1.9,0.5,1,1.6,0,3,2
"1253",14087500,32,75,28.4,272.698630136986,10.1,75,0.366,0.5,0.767,2.1,0.9,0.8,0.6,0,3,2
"1254",12917808,28,82,21.1,411.035616438356,7.8,17,0.2,0.602,0.561,3.1,0.8,0.9,1.5,0,3,1
"1255",9607500,28,48,16.9,737.961643835616,5.9,0,0.338,0.482,0.808,1.6,0.3,0,1.4,0,3,3
"1257",1378242,27,71,21.2,158.616438356164,6.8,18,0.353,0.583,0.784,2,0.5,1.1,0.8,0,3,2
"1258",1050000,22,10,4.4,77.5397260273973,1.5,0,0,0.467,0.25,0.6,0.1,0,0.1,0,3,5
"1259",10595506,26,61,14.4,272.454794520548,5.9,2,0.45,0.626,0.843,1.7,0.2,0.1,0.7,0,3,1
"1260",3500000,30,26,10.7,1473.45628415301,7,2,0.176,0.529,0.718,1.6,0.3,0.4,1,0,3,2
"1261",1468082,27,28,13.3,920.021917808219,4.8,1,0.263,0.424,0.604,1.7,0.7,0.5,0.7,0,3,3
"1262",13000000,25,64,18.4,518.972602739726,6.7,3,0.34,0.498,0.772,2.4,0.5,0.6,0.7,0,3,2
"1263",3557400,22,82,29.5,994.605479452055,8.3,56,0.335,0.548,0.805,2.5,1.6,0.5,0.9,0,3,4
"1264",30521115,31,70,33.5,13.9644808743169,21.1,70,0.364,0.483,0.845,1.8,1.3,0.3,1.9,0,3,3
"1265",5000000,27,64,20.4,353.835616438356,7,10,0.348,0.533,0.824,2,0.3,0.6,0.8,0,3,2
"1266",4320500,30,79,17.7,203.487671232877,5.8,3,0.401,0.399,0.667,2,0.3,0.2,0.6,0,3,2
"1267",3206640,20,80,21.2,714.293150684932,7.5,25,0.325,0.553,0.753,1.4,0.7,0.6,0.6,0,3,4
"1271",1349383,23,82,24,297.271232876712,10.4,6,0.414,0.531,0.802,1.2,0.9,0,0.6,0,3,3
"1272",6000000,25,82,26.3,497.758904109589,16.6,5,0.176,0.623,0.643,3.1,0.9,1.3,1.6,0,3,1
"1273",1764240,21,43,10.4,1692.78630136986,4.8,5,0.286,0.521,0.811,1.3,0.3,0.3,0.9,0,3,1
"1274",3294994,22,74,28.6,409.613698630137,13.3,74,0.388,0.521,0.736,2.6,0.8,2.7,1.4,0,3,1
"1276",6500000,30,77,23.2,431.18904109589,9.6,70,0.401,0.539,0.761,2.6,0.7,0.7,1.1,0,3,2
"1278",24000000,30,75,31.4,286.671232876712,9.3,72,0.389,0.519,0.865,1.9,0.9,0.6,1.6,0,3,4
"1279",2161886,25,68,14.9,549.008196721311,5.9,0,0.372,0.44,0.891,0.7,0.3,0.1,0.8,0,3,5
"1280",25467250,23,80,31.3,1448.11232876712,20.1,80,0.307,0.569,0.821,2.9,1.4,0.7,3.1,1,3,1
"1281",12500000,27,46,27.1,7.34794520547945,15.2,25,0.365,0.545,0.847,2.3,0.7,0.7,1,0,3,2
"1282",12750000,28,80,31.4,421.969863013699,20.8,80,0.364,0.549,0.789,2,1,1.1,2,1,3,1
"1283",1621415,23,68,25.3,404.139726027397,8.4,57,0.336,0.531,0.712,2.6,0.7,0.8,1.3,0,3,2
"1284",9367200,25,60,18.8,176.501369863014,8.6,3,0.4,0.543,0.827,1.6,0.7,0.2,1.1,0,3,5
"1285",1952760,21,67,20.2,817.468493150685,7,6,0.332,0.574,0.581,2.1,0.7,0.3,0.8,0,3,4
"1286",1622520,21,46,17.5,241.671232876712,5.9,11,0.344,0.466,0.711,1.5,0.6,0.5,0.7,0,3,2
"1287",2176260,30,36,14.4,270.122950819672,6.3,0,0.349,0.602,0.672,1,0.6,0.3,0.6,0,3,4
"1288",26011913,25,56,30.1,425.131506849315,13.9,43,0.406,0.504,0.813,1.9,1.5,0.6,1.2,0,3,4
"1290",1544951,24,80,31.9,736.312328767123,16.9,79,0.369,0.602,0.785,3,0.9,0.7,1.9,0,3,2
"1291",1641000,26,61,20.7,373.112328767123,6.9,2,0.33,0.647,0.725,1.3,0.5,0.4,0.5,0,3,5
"1292",5027028,30,78,27.4,485.383561643836,7.6,49,0.397,0.421,0.78,3.4,0.9,0.6,1.1,0,3,3
"1293",964104,23,29,13.7,760.230136986301,2.6,1,0.321,0.486,0.867,1.3,0.8,0.1,0.6,0,3,5
"1294",5451600,29,63,13.7,227.945205479452,3.6,5,0.336,0.439,0.633,0.7,0.3,0.2,0.3,0,3,2
"1296",17133285,38,30,12,1878.92602739726,3.9,6,0.462,0.444,0.7,1,0.2,0.5,0.5,0,3,1
"1297",30560700,28,77,36.9,2747,28,77,0.386,0.484,0.839,2.8,2.2,0.4,2.7,1,3,4
"1298",29230769,33,70,27.1,560.641095890411,12.6,65,0.365,0.522,0.727,2.6,1.2,0.8,1.4,0,3,2
"1301",1544951,25,74,14.3,1326.53698630137,6.9,10,0.405,0.515,0.769,1.2,0.3,0,0.7,0,3,3
"1302",9000000,32,46,29.8,3768.43561643836,9.2,29,0.359,0.428,0.639,2.2,1.2,0.2,2.8,0,3,3
"1303",2100000,26,37,12.8,24.413698630137,5.3,1,0.333,0.535,0.848,1.3,0.4,0.1,0.9,0,3,3
"1306",2393887,34,33,11.5,441.054644808743,4.3,0,0.328,0.473,0.923,0.9,0.3,0.2,0.4,0,3,3
"1307",2500000,27,63,29.8,234.835616438356,11.3,60,0.377,0.483,0.859,1.7,0.6,0.2,1,0,3,5
"1308",17043478,28,82,27.9,329.501369863014,15.4,82,0.369,0.464,0.864,2.5,0.7,0.1,1.8,0,3,3
"1310",14800000,28,68,27.9,1419.80273972603,12.7,67,0.311,0.454,0.855,2.6,1.3,0.1,2.6,0,3,3
"1311",10464092,28,35,34.4,730.293150684932,13.3,35,0.378,0.518,0.764,3.6,2.1,1.3,1.3,0,3,4
"1313",14357750,30,74,21.7,707.046575342466,9.5,36,0.226,0.589,0.724,1.7,0.1,1.1,1.3,0,3,1
"1314",1690000,20,63,20.5,176.545205479452,8.5,46,0.315,0.543,0.783,2.3,0.7,0.4,1.2,0,3,4
"1315",3472887,26,72,26.3,1257.87397260274,11.2,49,0.356,0.478,0.884,2,0.8,0.2,0.8,0,3,5
"1316",1544951,27,66,23.5,120.868493150685,7.6,45,0.351,0.453,0.722,1.7,0.5,0.2,1,0,3,5
"1317",4697823,25,15,10.1,6.17183098591549,0.9,0,0.077,0.429,0.833,1.2,0.4,0.1,0.3,0,3,5
"1318",2470356,24,59,20.9,212.931506849315,8.9,21,0.184,0.436,0.645,1.8,0.7,0.5,1.2,0,3,4
"1319",1378242,25,82,20.4,237.838356164384,5.2,16,0.386,0.569,0.762,2.1,0.7,0.3,0.9,0,3,4
"1320",10087200,32,69,26.7,811.802739726027,13.7,51,0.402,0.537,0.816,2.3,0.8,0.5,1.7,0,3,2
"1322",35665000,30,73,36,4348.84109589041,22.9,73,0.29,0.481,0.656,3.4,1.9,0.5,4.5,1,3,3
"1323",20421546,30,25,12.9,619.120547945205,2.5,8,0.225,0.414,0.75,1,0.2,0,0.6,0,3,2
"1324",1349383,24,81,24.2,642.191780821918,6.7,32,0.373,0.527,0.873,2.1,0.8,0,0.8,0,3,3
"1325",838464,28,42,10.8,146.016438356164,4,0,0.409,0.576,0.789,0.8,0.1,0.1,0.4,0,3,5
"1326",2098196,32,36,11.1,363.256830601093,3.9,4,0.324,0.564,0.625,1.5,0.3,0.7,0.6,0,3,1
"1327",2760094,24,47,16.8,491.655737704918,6.1,5,0.306,0.521,0.609,1,0.8,0.1,0.5,0,3,2
"1328",1378242,24,56,10.6,369.350684931507,3.3,3,0.315,0.565,0.615,0.8,0.2,0.1,0.3,0,3,2
"1329",21666667,29,74,27.2,1456.09315068493,15,51,0.29,0.586,0.763,2.9,0.4,1.4,1.5,0,3,1
"1330",2795000,28,74,18.9,2745.9397260274,7.9,2,0.45,0.463,0.846,1.3,0.5,0.2,0.8,0,3,5
"1331",1942422,27,56,17.6,473.227397260274,9.4,2,0.333,0.449,0.833,1.2,0.7,0.3,1.2,0,3,3
"1332",3375360,20,82,26.5,635.739726027397,10.8,73,0.367,0.503,0.8,2.1,1.2,0.5,1.7,0,3,3
"1333",77250,22,20,13.4,144.167123287671,4.4,0,0.318,0.465,0.714,1.5,0.4,0.4,0.3,0,3,5
"1334",1325531,25,73,19.6,141.643835616438,6.5,11,0.27,0.475,0.667,1.7,1.2,0.4,0.8,0,3,3
"1335",8307692,33,64,15.1,2751.53278688525,4,0,0,0.524,0.784,1.2,0.5,0.4,0.6,0,3,3
"1336",2512601,28,57,21.9,201.325136612022,7.5,3,0.354,0.429,0.69,1.5,0.8,0.1,1.2,0,3,3
"1338",1544951,22,22,8,246.58904109589,3,1,0.462,0.556,0.529,1.3,0.2,0.3,0.5,0,3,2
"1339",12763467,27,44,20,112.501369863014,4.3,15,0.317,0.468,0.719,1.8,0.5,0.2,0.7,0,3,4
"1340",1656092,25,68,28.1,617.134246575342,16.8,4,0.335,0.528,0.806,2.8,0.6,0.3,2.2,0,3,3
"1341",3940401,22,66,18.3,274.868493150685,6.9,7,0.288,0.484,0.781,1.7,0.9,0.2,1.2,0,3,4
"1342",37457154,30,69,33.8,15609.1178082192,27.3,69,0.437,0.525,0.916,2.4,1.3,0.4,2.8,1,3,3
"1343",1378242,23,58,17.8,540.378082191781,6.4,7,0.361,0.558,0.69,1.5,0.4,0.1,0.8,0,3,5
"1344",24157304,25,80,33.4,1869.78082191781,13.9,80,0,0.596,0.5,2.6,1.5,1,1.7,0,3,1
"1345",1487694,21,42,10.5,612.449315068493,3.2,0,0.326,0.333,0.6,0.6,0.3,0,0.5,0,3,4
"1349",14000000,33,70,24.1,336.641095890411,10.8,57,0.324,0.583,0.757,2.7,0.8,0.6,1,0,3,2
"1350",2118840,20,74,26.1,578.950684931507,6.9,74,0.366,0.56,0.725,3.1,0.5,0.2,0.6,0,3,5
"1351",10500000,27,81,26.5,377.586301369863,15.1,0,0.383,0.484,0.875,1.5,0.9,0.4,1.1,0,3,5
"1352",3050389,24,79,22.7,2430.52876712329,9,14,0.353,0.422,0.785,1.3,0.9,0.3,0.9,0,3,3
"1353",5250000,34,50,12.2,318.767123287671,3.8,2,0.436,0.521,0.636,0.8,0.9,0.1,0.5,0,3,4
"1354",13764045,30,81,30.7,325.460273972603,12.6,81,0.349,0.564,0.644,2.4,1.5,0.4,1.5,0,3,2
"1355",77250,23,18,11.7,165.038356164384,4.5,0,0.261,0.481,0.864,0.8,0.3,0,1,0,3,5
"1356",1378242,21,72,20.8,381.630136986301,10.5,53,0.333,0.685,0.781,1.8,0.3,0.9,0.8,0,3,1
"1358",2799720,21,64,15.2,1337.25205479452,5,5,0.32,0.522,0.667,1.6,0.3,0.8,0.5,0,3,1
"1359",1832107,28,59,19,143.693150684932,5.3,19,0.366,0.494,0.759,1.9,0.5,0.1,1.3,0,3,3
"1360",17325000,26,65,31.6,744.046575342466,18.1,63,0.34,0.442,0.841,2.2,0.8,0.1,1.6,0,3,5
"1361",1880268,23,50,13.4,1.14285714285714,4.6,7,0.31,0.451,0.756,1.5,0.4,0.2,0.4,0,3,4
"1362",14800000,26,82,34.7,849.06301369863,20,82,0.397,0.528,0.866,2.2,0.6,0.5,1.8,0,3,2
"1363",3129187,27,80,27.1,194.517808219178,8.9,54,0.395,0.524,0.819,2.2,1,0.2,1.5,0,3,3
"1365",5000000,36,56,17.9,2899.98633879781,9.5,0,0.255,0.485,0.734,0.9,0.4,0.1,1.3,0,3,3
"1366",10607143,27,74,17.6,234.882191780822,6,12,0.397,0.522,0.881,1.2,0.4,0.2,0.3,0,3,4
"1367",2000000,28,75,20,128.202739726027,5.7,37,0.324,0.569,0.7,2.3,0.5,0.6,0.6,0,3,4
"1368",5363280,20,81,30.9,3028.77534246575,19.1,81,0.324,0.477,0.829,1.7,0.9,0.2,3.8,0,3,3
"1369",1512601,25,35,20.4,72.8684931506849,5.3,21,0.297,0.413,0.818,1.9,0.4,0.2,0.5,0,3,5
"1371",15000000,33,69,34,2128.95068493151,12.5,69,0.334,0.493,0.793,1.9,1.3,0.3,1.5,0,3,4
"1372",1795015,26,58,19.4,971.013698630137,10.9,8,0.352,0.463,0.831,1,0.6,0.1,0.8,0,3,3
"1373",3364249,23,64,17.5,424.816438356164,8.5,2,0.255,0.529,0.698,1.5,0.5,0.4,1.1,0,3,2
"1376",3258539,27,51,14.9,108.169863013699,6.2,1,0.381,0.481,0.783,1.5,0.5,0.1,0.5,0,3,5
"1377",77250,24,21,14.9,122.986338797814,5.3,0,0.318,0.556,0.6,1.8,0.5,0.4,0.4,0,3,4
"1380",19245370,26,57,26.8,406.706849315068,10.9,22,0.346,0.477,0.748,1.7,0.9,0.5,1.4,0,3,3
"1382",12400000,29,69,20.3,817.592896174863,10.2,18,0.356,0.405,0.719,1.7,0.8,0.3,1.7,0,3,5
"1384",13585000,36,55,15.9,1791.62465753425,3.1,6,0,0.622,0.586,2,0.4,0.4,0.8,0,3,1
"1385",2444052,22,68,22.9,592.021917808219,6.9,23,0.317,0.453,0.841,1.1,1.2,0.1,0.7,0,3,3
"1386",2393887,38,10,7.4,696.128767123288,2.5,1,0,0.524,0.75,0.9,0,0,0.3,0,3,1
"1387",21000000,26,36,31.9,3284.6602739726,18.8,36,0.343,0.47,0.73,2,1.7,0.3,2.3,0,3,5
"1388",2393887,42,76,17.5,4985.24383561644,7.4,9,0.389,0.48,0.712,1.9,0.6,0.4,0.6,0,3,2
"1390",1544951,22,16,5.9,11.9102040816327,1.9,0,0.222,0.333,0.727,0.7,0.1,0.1,0.9,0,3,3
"1391",8653076,31,53,24.5,339.61095890411,10.3,38,0.371,0.541,0.796,1.7,1,0.1,0.8,0,3,5
"1392",1544951,24,75,19.2,7.53257790368272,6.9,13,0.316,0.456,0.728,1.7,0.4,0.2,1.1,0,3,5
"1393",4446840,19,44,25.2,165.517808219178,10.3,44,0.188,0.513,0.795,3.5,0.6,1.3,1.5,0,3,1
"1395",6134000,31,38,14.1,5.0521978021978,3.4,13,0.329,0.385,0.684,1.7,0.4,0.3,0.5,0,3,4
"1396",19360228,32,69,30.3,258.830136986301,12.2,68,0.372,0.437,0.81,2.3,0.8,0.2,1.3,0,3,4
"1397",11830358,28,43,27.7,277.498630136986,11.5,38,0.342,0.447,0.77,1.9,0.4,0.5,1.5,0,3,5
"1398",4696874,25,81,27.3,460.087671232877,11.9,81,0.5,0.556,0.551,2.8,1.2,0.6,1,0,3,1
"1399",1496500,24,58,14,369.997260273973,7.3,3,0.385,0.539,0.694,1.7,0.3,0.3,1,0,3,1
"1400",12800562,31,51,23.1,470.720547945205,6,33,0.373,0.478,0.72,2.4,0.5,0.4,0.9,0,3,2
"1402",3000000,25,71,15,293.249315068493,5.9,3,0.362,0.488,0.896,0.9,0.5,0.1,0.6,0,3,3
"1403",77250,24,15,11.6,482.778082191781,2.6,0,0.125,0.371,0.7,0.7,0.3,0.1,0.4,0,3,4
"1404",3628920,21,77,17.6,470.320547945205,6.6,0,0.331,0.534,0.746,2.3,0.3,0.9,1,0,3,1
"1405",19500000,23,63,34.5,1415.26849315068,23.7,62,0.374,0.504,0.832,2.2,1,0.4,3.4,0,3,5
"1407",2393887,34,68,12.9,1183.57650273224,3.9,3,0,0.45,0.782,2.2,0.5,0.3,0.8,0,3,1
"1408",2615160,19,6,18.5,469.912328767123,6.7,2,0.375,0.444,0.75,1.3,0.3,0.3,1,0,3,5
